Unnamed: 0,소재지(시군구)별,인구현황별,항목,단위,2005 년,2006 년,2007 년,2008 년,2009 년,2010 년,2011 년,2012 년,2013 년,2014 년,2015 년,2016 년,2017 년,2018 년,2019 년,2020 년,Unnamed: 20
0,전국,전체인구(A),도시지역 인구현황(시군구),명,48782274.0,48991779.0,49268928.0,49540367.0,49773145.0,50515666.0,50734284.0,50948272.0,51141463.0,51327916.0,51529338.0,51696216.0,51778544.0,51826059.0,51849861.0,51829023.0,
7,서울특별시,전체인구(A),도시지역 인구현황(시군구),명,10167344.0,10181166.0,10192710.0,10200827.0,10208302.0,10312545.0,10249679.0,10195318.0,10143645.0,10103233.0,10022181.0,9930616.0,9857426.0,9765623.0,9729107.0,9668465.0,
14,서울특별시,전체인구(A),도시지역 인구현황(시군구),명,,,,0.0,0.0,,0.0,,,,,,,,,,
21,종로구,전체인구(A),도시지역 인구현황(시군구),명,169315.0,166793.0,165846.0,170705.0,168603.0,170578.0,168382.0,165207.0,160070.0,156993.0,154986.0,152737.0,154770.0,153065.0,151290.0,149384.0,
28,중구,전체인구(A),도시지역 인구현황(시군구),명,130027.0,130649.0,130044.0,130362.0,129465.0,132822.0,133193.0,133360.0,130465.0,128065.0,125733.0,125249.0,125709.0,125725.0,126171.0,125240.0,
35,용산구,전체인구(A),도시지역 인구현황(시군구),명,230260.0,232035.0,235832.0,238224.0,238708.0,244853.0,246501.0,243232.0,239740.0,235951.0,233342.0,230241.0,229161.0,228999.0,228670.0,230040.0,
42,성동구,전체인구(A),도시지역 인구현황(시군구),명,337744.0,334437.0,333535.0,314212.0,308058.0,309093.0,300711.0,299604.0,299337.0,296086.0,297003.0,299259.0,304808.0,308221.0,300889.0,293556.0,
49,광진구,전체인구(A),도시지역 인구현황(시군구),명,375613.0,374442.0,376572.0,375482.0,373998.0,375463.0,371936.0,371313.0,368927.0,363354.0,360369.0,357215.0,357703.0,355559.0,351350.0,346682.0,
56,동대문구,전체인구(A),도시지역 인구현황(시군구),명,381110.0,378860.0,376421.0,370250.0,362146.0,366786.0,365486.0,363258.0,364273.0,363687.0,360153.0,355069.0,350647.0,348052.0,346194.0,342837.0,
63,중랑구,전체인구(A),도시지역 인구현황(시군구),명,427373.0,426078.0,427071.0,427871.0,424761.0,427455.0,423706.0,419295.0,416798.0,418836.0,413909.0,411005.0,408226.0,403209.0,397015.0,394702.0,
70,성북구,전체인구(A),도시지역 인구현황(시군구),명,462879.0,472843.0,469973.0,473357.0,476028.0,488932.0,485171.0,481857.0,476589.0,466706.0,459275.0,450355.0,444055.0,435868.0,442650.0,437153.0,
77,강북구,전체인구(A),도시지역 인구현황(시군구),명,353260.0,348990.0,345478.0,342274.0,340367.0,346520.0,345054.0,343157.0,338707.0,335025.0,330873.0,327195.0,324479.0,319164.0,313954.0,308055.0,
84,도봉구,전체인구(A),도시지역 인구현황(시군구),명,381529.0,377534.0,375975.0,373936.0,369733.0,368298.0,365573.0,362270.0,358582.0,353709.0,351242.0,348220.0,344166.0,339413.0,333362.0,325257.0,
91,노원구,전체인구(A),도시지역 인구현황(시군구),명,622003.0,618093.0,616753.0,615981.0,610616.0,611230.0,603930.0,597189.0,590479.0,582552.0,574583.0,567581.0,554403.0,543752.0,532905.0,523037.0,
98,은평구,전체인구(A),도시지역 인구현황(시군구),명,470751.0,464580.0,459196.0,458401.0,465895.0,488109.0,493634.0,501480.0,503660.0,498644.0,497920.0,491476.0,486794.0,483197.0,480032.0,479835.0,
105,서대문구,전체인구(A),도시지역 인구현황(시군구),명,349163.0,349020.0,348575.0,331688.0,327451.0,324541.0,314852.0,315113.0,314110.0,310376.0,312141.0,314194.0,312800.0,310313.0,309397.0,312173.0,
112,마포구,전체인구(A),도시지역 인구현황(시군구),명,388164.0,390583.0,392650.0,385119.0,384013.0,391865.0,389493.0,384644.0,381856.0,385439.0,387643.0,379892.0,374915.0,375077.0,374035.0,371890.0,
119,양천구,전체인구(A),도시지역 인구현황(시군구),명,499755.0,501717.0,503650.0,502343.0,501395.0,500001.0,500210.0,495911.0,492528.0,486221.0,484532.0,477739.0,471154.0,464185.0,458165.0,454251.0,
126,강서구,전체인구(A),도시지역 인구현황(시군구),명,553660.0,554945.0,560424.0,576848.0,572836.0,574127.0,569072.0,567431.0,569070.0,585160.0,589074.0,595485.0,601691.0,596949.0,591796.0,580185.0,
133,구로구,전체인구(A),도시지역 인구현황(시군구),명,416405.0,419832.0,420542.0,420795.0,421967.0,423736.0,427468.0,427520.0,424964.0,425831.0,422092.0,417551.0,410742.0,404497.0,406664.0,404408.0,
140,금천구,전체인구(A),도시지역 인구현황(시군구),명,256902.0,253243.0,249108.0,247320.0,244835.0,245195.0,243438.0,243288.0,241020.0,238463.0,236284.0,235386.0,235154.0,233917.0,232810.0,231733.0,
147,영등포구,전체인구(A),도시지역 인구현황(시군구),명,408386.0,408698.0,408178.0,408099.0,405798.0,406833.0,397443.0,391408.0,386471.0,382352.0,378504.0,370613.0,368550.0,367778.0,367678.0,379480.0,
154,동작구,전체인구(A),도시지역 인구현황(시군구),명,410481.0,408582.0,405967.0,400866.0,397920.0,402709.0,401408.0,405491.0,410815.0,407470.0,400641.0,400997.0,396217.0,396203.0,395963.0,391220.0,
161,관악구,전체인구(A),도시지역 인구현황(시군구),명,530020.0,535217.0,535571.0,534556.0,529869.0,531434.0,526397.0,523029.0,518028.0,513186.0,509663.0,506851.0,503297.0,501957.0,500094.0,495060.0,
168,서초구,전체인구(A),도시지역 인구현황(시군구),명,401736.0,408266.0,405969.0,406320.0,425481.0,434720.0,433564.0,435044.0,441763.0,449678.0,446764.0,447192.0,441102.0,433951.0,430826.0,425126.0,
175,강남구,전체인구(A),도시지역 인구현황(시군구),명,540909.0,556964.0,560958.0,557832.0,562138.0,570095.0,565710.0,564197.0,563599.0,578114.0,576495.0,567115.0,556164.0,542364.0,545169.0,539231.0,
182,송파구,전체인구(A),도시지역 인구현황(시군구),명,605840.0,607005.0,623876.0,668962.0,681476.0,685279.0,682209.0,673115.0,668415.0,664738.0,660302.0,657831.0,664496.0,666635.0,675961.0,667960.0,
189,강동구,전체인구(A),도시지역 인구현황(시군구),명,464059.0,461760.0,464546.0,469024.0,484745.0,491871.0,495138.0,487905.0,483379.0,476597.0,458658.0,444168.0,436223.0,427573.0,436067.0,459970.0,
196,부산광역시,전체인구(A),도시지역 인구현황(시군구),명,3638293.0,3611992.0,3587439.0,3564577.0,3543030.0,3567910.0,3550963.0,3538484.0,3527635.0,3519401.0,3513777.0,3498529.0,3470653.0,3441453.0,3413841.0,3391946.0,
203,부산광역시,전체인구(A),도시지역 인구현황(시군구),명,,,,0.0,0.0,,0.0,,,,,,,,,,
210,중구,전체인구(A),도시지역 인구현황(시군구),명,51957.0,50766.0,50004.0,49565.0,48905.0,49442.0,48686.0,48148.0,47345.0,46737.0,45816.0,45208.0,44218.0,42795.0,41910.0,41523.0,
217,서구,전체인구(A),도시지역 인구현황(시군구),명,139607.0,136226.0,132803.0,129385.0,125785.0,126040.0,123718.0,120828.0,118783.0,118115.0,115963.0,112973.0,110039.0,110534.0,108229.0,108135.0,
224,동구,전체인구(A),도시지역 인구현황(시군구),명,109879.0,106890.0,104881.0,102764.0,101153.0,101514.0,100420.0,98529.0,96011.0,94565.0,92069.0,89826.0,88868.0,86912.0,88165.0,88901.0,
231,영도구,전체인구(A),도시지역 인구현황(시군구),명,162961.0,158780.0,155273.0,152118.0,148139.0,146798.0,143205.0,139765.0,135816.0,132102.0,129385.0,126362.0,123521.0,120109.0,116711.0,113342.0,
238,부산진구,전체인구(A),도시지역 인구현황(시군구),명,410610.0,405775.0,402359.0,400516.0,395689.0,395826.0,395044.0,392731.0,389765.0,387378.0,381572.0,376526.0,371703.0,362357.0,357880.0,359886.0,
245,동래구,전체인구(A),도시지역 인구현황(시군구),명,276095.0,279528.0,284901.0,282673.0,281644.0,282779.0,283742.0,278767.0,276689.0,275971.0,272837.0,272745.0,270727.0,266515.0,271247.0,270745.0,
252,남구,전체인구(A),도시지역 인구현황(시군구),명,302257.0,297893.0,296666.0,298314.0,297963.0,298458.0,295121.0,291175.0,291770.0,286989.0,283101.0,278779.0,273854.0,279917.0,274480.0,267731.0,
259,북구,전체인구(A),도시지역 인구현황(시군구),명,335699.0,330446.0,325302.0,318859.0,314227.0,312218.0,307988.0,312937.0,309719.0,306974.0,310484.0,310202.0,302924.0,296952.0,291132.0,283952.0,
266,해운대구,전체인구(A),도시지역 인구현황(시군구),명,404599.0,418875.0,423816.0,424455.0,424974.0,426729.0,425618.0,428188.0,425536.0,423531.0,422818.0,419853.0,412039.0,409347.0,406102.0,402169.0,
273,사하구,전체인구(A),도시지역 인구현황(시군구),명,371909.0,366865.0,364693.0,365368.0,359800.0,358730.0,355443.0,352726.0,349110.0,343371.0,337781.0,334603.0,333301.0,327791.0,321004.0,311757.0,
280,금정구,전체인구(A),도시지역 인구현황(시군구),명,264880.0,263338.0,258934.0,256398.0,252039.0,255419.0,254720.0,255692.0,253526.0,249856.0,246026.0,244624.0,244469.0,242956.0,239062.0,232666.0,
287,강서구,전체인구(A),도시지역 인구현황(시군구),명,53808.0,53169.0,51819.0,52156.0,60372.0,62594.0,64733.0,65806.0,69873.0,79619.0,94608.0,108909.0,117382.0,122957.0,129566.0,137957.0,
294,연제구,전체인구(A),도시지역 인구현황(시군구),명,217763.0,214809.0,212658.0,212810.0,210390.0,212696.0,213326.0,211536.0,209290.0,208012.0,210718.0,207268.0,206742.0,207840.0,209395.0,209157.0,
301,수영구,전체인구(A),도시지역 인구현황(시군구),명,178684.0,177814.0,178253.0,177140.0,177292.0,178267.0,176691.0,176666.0,175098.0,178480.0,179795.0,179324.0,179996.0,176246.0,176148.0,176894.0,
308,사상구,전체인구(A),도시지역 인구현황(시군구),명,277481.0,271484.0,265512.0,260897.0,255274.0,257843.0,254413.0,250424.0,246797.0,242953.0,237711.0,232800.0,229219.0,223361.0,218094.0,212586.0,
315,기장군,전체인구(A),도시지역 인구현황(시군구),명,80104.0,79334.0,79565.0,81159.0,89384.0,102557.0,108095.0,114566.0,132507.0,144748.0,153093.0,158527.0,161651.0,164864.0,164716.0,174545.0,
322,대구광역시,전체인구(A),도시지역 인구현황(시군구),명,2511306.0,2496115.0,2493261.0,2492724.0,2489781.0,2511676.0,2507271.0,2505644.0,2501588.0,2493264.0,2487829.0,2484557.0,2475231.0,2461769.0,2438031.0,2418346.0,
329,대구광역시,전체인구(A),도시지역 인구현황(시군구),명,2511306.0,2496115.0,2493261.0,0.0,0.0,,0.0,,,,,,,,,,
336,중구,전체인구(A),도시지역 인구현황(시군구),명,,,,78824.0,77585.0,77857.0,76600.0,75439.0,76246.0,78812.0,80928.0,79712.0,78986.0,79401.0,77421.0,76547.0,
343,동구,전체인구(A),도시지역 인구현황(시군구),명,,,,330996.0,331421.0,337529.0,341206.0,342092.0,343802.0,347975.0,349728.0,351352.0,349379.0,351291.0,345469.0,341920.0,
350,서구,전체인구(A),도시지역 인구현황(시군구),명,,,,228720.0,225193.0,224618.0,222619.0,220211.0,215399.0,210770.0,206028.0,199507.0,191992.0,184372.0,175277.0,170700.0,
357,남구,전체인구(A),도시지역 인구현황(시군구),명,,,,175317.0,171873.0,171197.0,169095.0,168715.0,166062.0,163492.0,160852.0,156433.0,152845.0,150501.0,148113.0,146632.0,
364,북구,전체인구(A),도시지역 인구현황(시군구),명,,,,461518.0,453367.0,452505.0,449775.0,448485.0,444359.0,444375.0,443119.0,440383.0,441375.0,439489.0,437710.0,440263.0,
371,수성구,전체인구(A),도시지역 인구현황(시군구),명,,,,451732.0,456196.0,461988.0,461083.0,459779.0,461004.0,456505.0,451786.0,447011.0,439211.0,432759.0,428614.0,424314.0,
378,달서구,전체인구(A),도시지역 인구현황(시군구),명,,,,594616.0,598011.0,607083.0,606542.0,606557.0,610358.0,606433.0,602641.0,591891.0,578068.0,573413.0,568887.0,558631.0,
385,달성군,전체인구(A),도시지역 인구현황(시군구),명,,,,171001.0,176135.0,178899.0,180351.0,184366.0,184358.0,184902.0,192747.0,218268.0,243375.0,250543.0,256540.0,259339.0,
392,인천광역시,전체인구(A),도시지역 인구현황(시군구),명,2600495.0,2624391.0,2664576.0,2692696.0,2710579.0,2758296.0,2801274.0,2843981.0,2879782.0,2902608.0,2925815.0,2943069.0,2948542.0,2954642.0,2957026.0,2942828.0,
399,인천광역시,전체인구(A),도시지역 인구현황(시군구),명,,,,0.0,0.0,,0.0,,,,,,,,,,
406,중구,전체인구(A),도시지역 인구현황(시군구),명,92300.0,91916.0,89768.0,88713.0,89688.0,92890.0,93581.0,98648.0,107774.0,111929.0,114493.0,115249.0,117999.0,122499.0,135135.0,139729.0,
413,동구,전체인구(A),도시지역 인구현황(시군구),명,78128.0,75699.0,74087.0,74866.0,77308.0,79663.0,78692.0,76720.0,75093.0,73978.0,72571.0,71014.0,69487.0,66233.0,64427.0,62542.0,
420,남구,전체인구(A),도시지역 인구현황(시군구),명,420403.0,416672.0,412379.0,420741.0,419935.0,423876.0,417996.0,414500.0,411330.0,408305.0,404893.0,417103.0,419267.0,,,,
427,미추홀구,전체인구(A),도시지역 인구현황(시군구),명,,,,,,,,,,,,,,416542.0,408862.0,404343.0,
434,연수구,전체인구(A),도시지역 인구현황(시군구),명,265658.0,271010.0,268780.0,268668.0,271497.0,279230.0,287903.0,292589.0,300305.0,310703.0,319052.0,328627.0,335142.0,346359.0,366550.0,387450.0,
441,남동구,전체인구(A),도시지역 인구현황(시군구),명,379310.0,390044.0,425217.0,450054.0,463414.0,473423.0,495469.0,503597.0,507021.0,514656.0,531395.0,530982.0,536578.0,537161.0,532704.0,525354.0,
448,부평구,전체인구(A),도시지역 인구현황(시군구),명,567347.0,570283.0,568905.0,569246.0,563920.0,567493.0,560936.0,559047.0,556985.0,556992.0,555844.0,549716.0,539941.0,524640.0,511577.0,494962.0,
455,계양구,전체인구(A),도시지역 인구현황(시군구),명,335435.0,342335.0,342564.0,342299.0,344039.0,347810.0,344299.0,342202.0,343806.0,339538.0,334332.0,330284.0,323784.0,312680.0,303471.0,296750.0,
462,서구,전체인구(A),도시지역 인구현황(시군구),명,380916.0,384431.0,399430.0,393346.0,395508.0,408068.0,436134.0,469887.0,490035.0,498686.0,504606.0,510733.0,516017.0,538596.0,544556.0,542040.0,
469,강화군,전체인구(A),도시지역 인구현황(시군구),명,65389.0,65510.0,66466.0,67387.0,67049.0,67104.0,66779.0,66752.0,66735.0,67118.0,67667.0,68010.0,68754.0,68896.0,69178.0,69203.0,
476,옹진군,전체인구(A),도시지역 인구현황(시군구),명,15609.0,16491.0,16980.0,17376.0,18221.0,18739.0,19485.0,20039.0,20698.0,20703.0,20962.0,21351.0,21573.0,21036.0,20566.0,20455.0,
483,광주광역시,전체인구(A),도시지역 인구현황(시군구),명,1401745.0,1407798.0,1413444.0,1422702.0,1433640.0,1454636.0,1463464.0,1469216.0,1472910.0,1475884.0,1472199.0,1469214.0,1463770.0,1459336.0,1456468.0,1450062.0,
490,광주광역시,전체인구(A),도시지역 인구현황(시군구),명,1401745.0,,,0.0,0.0,,0.0,,,,,,,,,,
497,동구,전체인구(A),도시지역 인구현황(시군구),명,,114086.0,115066.0,109963.0,107772.0,104449.0,106495.0,105580.0,103016.0,100786.0,98784.0,95791.0,95448.0,94475.0,98585.0,102897.0,
504,서구,전체인구(A),도시지역 인구현황(시군구),명,,309362.0,307072.0,304885.0,299825.0,303219.0,317936.0,316545.0,315276.0,310317.0,305028.0,309579.0,306957.0,304172.0,300975.0,296576.0,
511,남구,전체인구(A),도시지역 인구현황(시군구),명,,211744.0,209024.0,213073.0,213697.0,216863.0,219041.0,218313.0,216254.0,219815.0,221318.0,219729.0,218454.0,216369.0,218060.0,214579.0,
518,북구,전체인구(A),도시지역 인구현황(시군구),명,,460985.0,466181.0,474121.0,469410.0,466866.0,444483.0,443677.0,445489.0,447685.0,446316.0,441066.0,438780.0,439773.0,433533.0,430431.0,
525,광산구,전체인구(A),도시지역 인구현황(시군구),명,,311621.0,316101.0,320660.0,342936.0,363239.0,375509.0,385101.0,392875.0,397281.0,400753.0,403049.0,404131.0,404547.0,405315.0,405579.0,
532,대전광역시,전체인구(A),도시지역 인구현황(시군구),명,1454638.0,1466158.0,1475659.0,1480895.0,1484180.0,1503664.0,1515603.0,1524583.0,1532811.0,1531809.0,1518775.0,1514370.0,1502227.0,1489936.0,1474870.0,1463882.0,
539,대전광역시,전체인구(A),도시지역 인구현황(시군구),명,,,,0.0,0.0,,0.0,,,,,,,,,,
546,동구,전체인구(A),도시지역 인구현황(시군구),명,234724.0,236504.0,244496.0,245973.0,246116.0,248835.0,251285.0,251945.0,250653.0,245493.0,239579.0,234959.0,230516.0,229071.0,226771.0,223021.0,
553,중구,전체인구(A),도시지역 인구현황(시군구),명,266635.0,263592.0,265430.0,264678.0,264035.0,265846.0,265502.0,264125.0,264913.0,261165.0,256186.0,252490.0,248933.0,244421.0,240473.0,235550.0,
560,서구,전체인구(A),도시지역 인구현황(시군구),명,509225.0,505600.0,501935.0,499172.0,499297.0,499742.0,499124.0,496513.0,498917.0,496132.0,490859.0,491011.0,487448.0,484663.0,481222.0,477880.0,
567,유성구,전체인구(A),도시지역 인구현황(시군구),명,220767.0,243130.0,250523.0,259831.0,266585.0,281692.0,294353.0,306312.0,313968.0,327461.0,335312.0,343222.0,348428.0,349790.0,349373.0,351047.0,
574,대덕구,전체인구(A),도시지역 인구현황(시군구),명,223287.0,217332.0,213275.0,211241.0,208147.0,207549.0,205339.0,205688.0,204360.0,201558.0,196839.0,192688.0,186902.0,181991.0,177031.0,176384.0,
581,울산광역시,전체인구(A),도시지역 인구현황(시군구),명,1087648.0,1092494.0,1099995.0,1112407.0,1114866.0,1126298.0,1135494.0,1147256.0,1156480.0,1166377.0,1173534.0,1172304.0,1165132.0,1155623.0,1148019.0,1136017.0,
588,울산광역시,전체인구(A),도시지역 인구현황(시군구),명,,,,0.0,0.0,,0.0,,,,,,,,,,
595,중구,전체인구(A),도시지역 인구현황(시군구),명,235417.0,234896.0,236573.0,233898.0,230212.0,232915.0,232634.0,233013.0,234607.0,238825.0,244481.0,242536.0,238652.0,231973.0,223581.0,217595.0,
602,남구,전체인구(A),도시지역 인구현황(시군구),명,347162.0,345769.0,342675.0,343922.0,343740.0,344131.0,343504.0,346836.0,349064.0,347759.0,343598.0,340714.0,335439.0,330732.0,323819.0,320064.0,
609,동구,전체인구(A),도시지역 인구현황(시군구),명,184599.0,185954.0,181844.0,176431.0,173841.0,170764.0,172172.0,175479.0,178468.0,176668.0,174963.0,174514.0,169605.0,164642.0,159656.0,156806.0,
616,북구,전체인구(A),도시지역 인구현황(시군구),명,146117.0,148772.0,155642.0,166469.0,171674.0,177488.0,182504.0,184088.0,185695.0,188733.0,191063.0,195285.0,200718.0,206434.0,217796.0,219014.0,
623,울주군,전체인구(A),도시지역 인구현황(시군구),명,174353.0,177103.0,183261.0,191687.0,195399.0,201000.0,204680.0,207840.0,208646.0,214392.0,219429.0,219255.0,220718.0,221842.0,223167.0,222538.0,
630,세종특별자치시,전체인구(A),도시지역 인구현황(시군구),명,,,,,,,,113117.0,122153.0,156125.0,210884.0,243048.0,280100.0,314126.0,340575.0,355831.0,
637,세종특별자치시,전체인구(A),도시지역 인구현황(시군구),명,,,,,,,,113117.0,122153.0,156125.0,210884.0,243048.0,280100.0,314126.0,340575.0,355831.0,
644,경기도,전체인구(A),도시지역 인구현황(시군구),명,10697215.0,10906033.0,11106211.0,11292264.0,11460610.0,11786622.0,11937415.0,12093299.0,12234630.0,12357830.0,12522606.0,12716780.0,12873895.0,13077153.0,13239666.0,13427014.0,
651,경기도,전체인구(A),도시지역 인구현황(시군구),명,,,,0.0,0.0,,0.0,,,,,,,,,,
658,수원시,전체인구(A),도시지역 인구현황(시군구),명,1045587.0,1068906.0,1067702.0,1067425.0,1073149.0,1077535.0,1088489.0,1120258.0,1148157.0,1174228.0,1184624.0,1194041.0,1202628.0,1201166.0,1194465.0,1186078.0,
665,성남시,전체인구(A),도시지역 인구현황(시군구),명,983075.0,964831.0,953960.0,942447.0,962726.0,980190.0,979323.0,978615.0,979534.0,974608.0,971424.0,974580.0,967510.0,954347.0,942724.0,940064.0,
672,고양시,전체인구(A),도시지역 인구현황(시군구),명,904077.0,910206.0,924839.0,938831.0,938784.0,950115.0,961239.0,969916.0,990571.0,1006154.0,1027546.0,1039684.0,1041983.0,1044189.0,1066351.0,1079216.0,
679,용인시,전체인구(A),도시지역 인구현황(시군구),명,693660.0,766569.0,800294.0,816763.0,839204.0,876550.0,896044.0,915959.0,941477.0,961026.0,975746.0,991126.0,1004081.0,1035126.0,1059609.0,1074176.0,
686,부천시,전체인구(A),도시지역 인구현황(시군구),명,855359.0,860020.0,864037.0,867678.0,869944.0,875204.0,872452.0,869944.0,863720.0,855586.0,848987.0,851380.0,850329.0,843768.0,829996.0,818383.0,
693,안산시,전체인구(A),도시지역 인구현황(시군구),명,679011.0,698819.0,705040.0,708257.0,705346.0,714891.0,715586.0,715108.0,713666.0,707876.0,697885.0,689859.0,677710.0,660343.0,650918.0,654915.0,
700,안양시,전체인구(A),도시지역 인구현황(시군구),명,625350.0,624280.0,624197.0,620279.0,616547.0,621714.0,615642.0,611412.0,607877.0,600809.0,597789.0,597414.0,587764.0,576831.0,567044.0,550027.0,
707,남양주시,전체인구(A),도시지역 인구현황(시군구),명,450054.0,470617.0,492347.0,505867.0,525211.0,564141.0,578485.0,599539.0,618305.0,636256.0,653454.0,662154.0,665321.0,681828.0,701830.0,713321.0,
714,화성시,전체인구(A),도시지역 인구현황(시군구),명,296530.0,310171.0,371972.0,449354.0,491528.0,505838.0,516765.0,525490.0,530251.0,540862.0,596525.0,640890.0,691086.0,758722.0,815396.0,855248.0,
721,평택시,전체인구(A),도시지역 인구현황(시군구),명,383976.0,396765.0,402458.0,406721.0,410042.0,419457.0,426886.0,434305.0,442034.0,449555.0,460532.0,470832.0,481530.0,495642.0,513027.0,537307.0,
728,의정부시,전체인구(A),도시지역 인구현황(시군구),명,402410.0,410938.0,421853.0,430849.0,431008.0,431801.0,430400.0,429147.0,430976.0,431112.0,433937.0,438457.0,441584.0,447026.0,451868.0,461710.0,
735,시흥시,전체인구(A),도시지역 인구현황(시군구),명,387239.0,390477.0,390564.0,392756.0,397912.0,403797.0,401149.0,399485.0,396765.0,394639.0,398256.0,402888.0,419664.0,448687.0,473682.0,500895.0,
742,파주시,전체인구(A),도시지역 인구현황(시군구),명,261770.0,292752.0,303831.0,311164.0,323011.0,355632.0,378790.0,394201.0,401718.0,411348.0,423321.0,430781.0,437848.0,451848.0,454040.0,465617.0,
749,광명시,전체인구(A),도시지역 인구현황(시군구),명,327828.0,313372.0,313019.0,310501.0,314257.0,343982.0,355226.0,355560.0,353100.0,348560.0,344978.0,339484.0,332790.0,326841.0,316552.0,298599.0,
756,김포시,전체인구(A),도시지역 인구현황(시군구),명,207229.0,207824.0,205997.0,220418.0,225805.0,238339.0,256994.0,287432.0,312305.0,340310.0,349990.0,363443.0,392092.0,423170.0,437221.0,473970.0,
763,군포시,전체인구(A),도시지역 인구현황(시군구),명,277781.0,274569.0,275351.0,277590.0,275731.0,287833.0,287294.0,286841.0,286344.0,288408.0,287519.0,284890.0,281205.0,276916.0,275852.0,273791.0,
770,광주시,전체인구(A),도시지역 인구현황(시군구),명,214498.0,222048.0,229319.0,234777.0,238583.0,249789.0,265222.0,275656.0,286699.0,298858.0,312579.0,327723.0,345947.0,363782.0,372654.0,382054.0,
777,이천시,전체인구(A),도시지역 인구현황(시군구),명,192271.0,194369.0,195691.0,196633.0,197496.0,202595.0,204566.0,204917.0,205479.0,205014.0,204935.0,210359.0,213142.0,214206.0,215834.0,218388.0,
784,양주시,전체인구(A),도시지역 인구현황(시군구),명,160589.0,169806.0,179914.0,179914.0,182106.0,196706.0,200360.0,200310.0,199143.0,202072.0,205184.0,205513.0,212146.0,216951.0,222314.0,230359.0,
791,오산시,전체인구(A),도시지역 인구현황(시군구),명,129843.0,136311.0,145825.0,150237.0,159734.0,182516.0,193892.0,200291.0,205460.0,208565.0,206828.0,208656.0,213437.0,220070.0,226379.0,229725.0,
798,구리시,전체인구(A),도시지역 인구현황(시군구),명,192548.0,193847.0,196800.0,195874.0,195593.0,196398.0,194881.0,192341.0,189680.0,186820.0,186721.0,193763.0,200042.0,203553.0,199265.0,197454.0,
805,안성시,전체인구(A),도시지역 인구현황(시군구),명,157130.0,159655.0,163733.0,169545.0,170919.0,177937.0,180743.0,181608.0,182173.0,181896.0,180199.0,182896.0,182786.0,183579.0,183405.0,187012.0,
812,포천시,전체인구(A),도시지역 인구현황(시군구),명,155242.0,157269.0,158156.0,160176.0,158931.0,158658.0,157967.0,157559.0,156603.0,155798.0,155192.0,154763.0,152925.0,150676.0,148379.0,147274.0,
819,의왕시,전체인구(A),도시지역 인구현황(시군구),명,145952.0,138253.0,135009.0,134488.0,140874.0,147443.0,149607.0,154757.0,159772.0,158482.0,157740.0,156763.0,155767.0,153932.0,161153.0,163795.0,
826,하남시,전체인구(A),도시지역 인구현황(시군구),명,132850.0,134824.0,137131.0,143638.0,148566.0,150479.0,148397.0,146269.0,145096.0,148896.0,166713.0,211101.0,232487.0,254415.0,272455.0,293452.0,
833,여주시,전체인구(A),도시지역 인구현황(시군구),명,,,,,,,,,109343.0,110386.0,111033.0,111563.0,111984.0,111525.0,111083.0,111897.0,
840,여주군,전체인구(A),도시지역 인구현황(시군구),명,104260.0,105022.0,106926.0,107355.0,108088.0,109250.0,109120.0,109550.0,,,,,,,,,
847,양평군,전체인구(A),도시지역 인구현황(시군구),명,85533.0,86298.0,87874.0,89812.0,91450.0,95833.0,99430.0,102193.0,103620.0,105379.0,108316.0,111367.0,115105.0,116095.0,116874.0,118810.0,
854,동두천시,전체인구(A),도시지역 인구현황(시군구),명,82623.0,85803.0,88780.0,90835.0,93211.0,95653.0,96253.0,97175.0,97557.0,97595.0,97974.0,98277.0,97071.0,96226.0,94768.0,94353.0,
861,과천시,전체인구(A),도시지역 인구현황(시군구),명,60956.0,60482.0,62291.0,69477.0,72049.0,72279.0,71955.0,71068.0,70578.0,70156.0,68946.0,63778.0,57527.0,58142.0,58289.0,63231.0,
868,가평군,전체인구(A),도시지역 인구현황(시군구),명,54861.0,54855.0,55698.0,57108.0,57564.0,58890.0,59358.0,60794.0,61017.0,61213.0,62008.0,62448.0,62973.0,62918.0,62415.0,62377.0,
875,연천군,전체인구(A),도시지역 인구현황(시군구),명,47123.0,46075.0,45603.0,45495.0,45241.0,45177.0,44900.0,45599.0,45610.0,45363.0,45725.0,45907.0,45431.0,44633.0,43824.0,43516.0,
882,강원도,전체인구(A),도시지역 인구현황(시군구),명,1513110.0,1505420.0,1503806.0,1508575.0,1512870.0,1529818.0,1536448.0,1538630.0,1542263.0,1544442.0,1549507.0,1550806.0,1550142.0,1543052.0,1541502.0,1542840.0,
889,강원도,전체인구(A),도시지역 인구현황(시군구),명,,,,0.0,0.0,,0.0,,,,,,,,,,
896,춘천시,전체인구(A),도시지역 인구현황(시군구),명,254999.0,256239.0,258141.0,261975.0,264849.0,269950.0,272805.0,273364.0,274455.0,275791.0,277997.0,280707.0,280514.0,280640.0,281291.0,282765.0,
903,원주시,전체인구(A),도시지역 인구현황(시군구),명,288454.0,294155.0,298762.0,303975.0,307882.0,314678.0,320536.0,323885.0,324837.0,327292.0,332995.0,337979.0,341337.0,344070.0,349215.0,354376.0,
910,강릉시,전체인구(A),도시지역 인구현황(시군구),명,224391.0,222016.0,220484.0,218399.0,217464.0,218503.0,217571.0,217741.0,216806.0,215807.0,214560.0,213846.0,213952.0,212957.0,213442.0,213321.0,
917,동해시,전체인구(A),도시지역 인구현황(시군구),명,99230.0,97497.0,96652.0,95652.0,95271.0,95236.0,95804.0,93897.0,95143.0,94562.0,93895.0,93297.0,92851.0,91272.0,90522.0,90593.0,
924,태백시,전체인구(A),도시지역 인구현황(시군구),명,52463.0,51593.0,51490.0,51028.0,50424.0,50864.0,50176.0,49493.0,48794.0,48258.0,47501.0,47070.0,45888.0,44858.0,43866.0,42719.0,
931,속초시,전체인구(A),도시지역 인구현황(시군구),명,87124.0,86073.0,85370.0,84599.0,83822.0,84302.0,83745.0,83579.0,83109.0,82432.0,81992.0,81793.0,82273.0,81682.0,81786.0,82665.0,
938,삼척시,전체인구(A),도시지역 인구현황(시군구),명,73134.0,71750.0,70791.0,70954.0,71935.0,72046.0,72312.0,72463.0,73023.0,72314.0,70839.0,69599.0,68514.0,68326.0,67228.0,65243.0,
945,홍천군,전체인구(A),도시지역 인구현황(시군구),명,70811.0,70037.0,70142.0,70360.0,69606.0,69893.0,69899.0,69727.0,70638.0,70451.0,70336.0,70076.0,70340.0,69949.0,69150.0,69242.0,
952,횡성군,전체인구(A),도시지역 인구현황(시군구),명,43678.0,42982.0,43176.0,43413.0,44121.0,44254.0,44360.0,44615.0,44937.0,45373.0,45777.0,45991.0,46281.0,46726.0,46575.0,46472.0,
959,영월군,전체인구(A),도시지역 인구현황(시군구),명,41538.0,40511.0,40290.0,40201.0,40265.0,40407.0,40199.0,40155.0,40150.0,40191.0,40216.0,40073.0,40067.0,39730.0,39127.0,38662.0,
966,평창군,전체인구(A),도시지역 인구현황(시군구),명,45033.0,44332.0,44003.0,43706.0,43634.0,43622.0,43577.0,43627.0,43666.0,43660.0,43500.0,43318.0,43092.0,42610.0,42106.0,41681.0,
973,정선군,전체인구(A),도시지역 인구현황(시군구),명,44203.0,43186.0,41806.0,41269.0,40708.0,41045.0,40181.0,39915.0,39985.0,39425.0,39197.0,38718.0,38173.0,37700.0,37271.0,36870.0,
980,철원군,전체인구(A),도시지역 인구현황(시군구),명,48933.0,48024.0,47420.0,47724.0,47669.0,48928.0,48084.0,47968.0,47473.0,47590.0,48799.0,48013.0,47185.0,46413.0,45584.0,44699.0,
987,화천군,전체인구(A),도시지역 인구현황(시군구),명,23732.0,23317.0,22944.0,24110.0,24216.0,24364.0,24945.0,25020.0,25079.0,27143.0,27020.0,26264.0,26022.0,25084.0,24917.0,24857.0,
994,양구군,전체인구(A),도시지역 인구현황(시군구),명,21480.0,21269.0,21401.0,21303.0,21323.0,21843.0,22285.0,22799.0,23594.0,23888.0,24089.0,24010.0,23835.0,23408.0,22764.0,22278.0,
1001,인제군,전체인구(A),도시지역 인구현황(시군구),명,32811.0,32493.0,32079.0,31620.0,31452.0,31842.0,31970.0,32456.0,32517.0,32475.0,33255.0,32720.0,32582.0,32136.0,31672.0,31694.0,
1008,고성군,전체인구(A),도시지역 인구현황(시군구),명,31964.0,31285.0,30383.0,30172.0,30272.0,30112.0,30057.0,30124.0,30398.0,30269.0,30060.0,30114.0,30029.0,28144.0,27260.0,26757.0,
1015,양양군,전체인구(A),도시지역 인구현황(시군구),명,29132.0,28661.0,28472.0,28115.0,27957.0,27929.0,27942.0,27802.0,27659.0,27521.0,27479.0,27218.0,27207.0,27347.0,27726.0,27946.0,
1022,충청북도,전체인구(A),도시지역 인구현황(시군구),명,1488803.0,1494559.0,1506608.0,1519587.0,1527478.0,1549528.0,1562903.0,1565628.0,1572732.0,1578933.0,1583952.0,1591625.0,1594432.0,1599252.0,1600007.0,1600837.0,
1029,충청북도,전체인구(A),도시지역 인구현황(시군구),명,,,,0.0,0.0,,0.0,,,,,,,,,,
1036,청주시,전체인구(A),도시지역 인구현황(시군구),명,630939.0,626679.0,633286.0,638663.0,643161.0,655971.0,661946.0,666852.0,672904.0,831521.0,831912.0,835197.0,835590.0,837749.0,839566.0,844993.0,
1043,충주시,전체인구(A),도시지역 인구현황(시군구),명,205907.0,204610.0,205064.0,206372.0,206613.0,208481.0,208433.0,208447.0,208115.0,208527.0,207913.0,208350.0,208316.0,210504.0,210737.0,210186.0,
1050,제천시,전체인구(A),도시지역 인구현황(시군구),명,138201.0,136398.0,136218.0,135738.0,135580.0,137264.0,137689.0,137521.0,137204.0,136805.0,136138.0,136517.0,136432.0,135386.0,134617.0,133018.0,
1057,청원군,전체인구(A),도시지역 인구현황(시군구),명,119784.0,136538.0,143021.0,148063.0,149783.0,152944.0,158369.0,154780.0,155002.0,,,,,,,,
1064,보은군,전체인구(A),도시지역 인구현황(시군구),명,37114.0,36293.0,35354.0,35069.0,34845.0,34956.0,34717.0,34438.0,34318.0,34240.0,34296.0,34221.0,34053.0,33680.0,32949.0,32412.0,
1071,옥천군,전체인구(A),도시지역 인구현황(시군구),명,55610.0,54923.0,54608.0,54475.0,54117.0,54025.0,53496.0,53244.0,52763.0,52469.0,52404.0,52267.0,51766.0,51465.0,51023.0,50527.0,
1078,영동군,전체인구(A),도시지역 인구현황(시군구),명,51800.0,50819.0,50131.0,50276.0,50426.0,50523.0,50621.0,50663.0,50539.0,50803.0,50693.0,50552.0,50240.0,49715.0,48738.0,47475.0,
1085,진천군,전체인구(A),도시지역 인구현황(시군구),명,60155.0,60111.0,60154.0,60715.0,61456.0,62094.0,63051.0,63458.0,64606.0,65174.0,67981.0,69950.0,73677.0,78218.0,81084.0,83718.0,
1092,괴산군,전체인구(A),도시지역 인구현황(시군구),명,38595.0,37570.0,36873.0,36566.0,36775.0,36827.0,37333.0,37713.0,38059.0,38351.0,38787.0,38973.0,39054.0,39133.0,39163.0,39393.0,
1099,음성군,전체인구(A),도시지역 인구현황(시군구),명,85969.0,86789.0,88355.0,89542.0,89716.0,91093.0,91644.0,92980.0,93505.0,95324.0,96396.0,97787.0,97306.0,95830.0,94982.0,93153.0,
1106,단양군,전체인구(A),도시지역 인구현황(시군구),명,34122.0,33346.0,32399.0,31929.0,31842.0,31817.0,31595.0,31253.0,31171.0,30948.0,30761.0,30503.0,30215.0,30255.0,29756.0,29155.0,
1113,증평군,전체인구(A),도시지역 인구현황(시군구),명,30607.0,30483.0,31145.0,32179.0,33164.0,33533.0,34009.0,34279.0,34546.0,34771.0,36671.0,37308.0,37783.0,37317.0,37392.0,36807.0,
1120,충청남도,전체인구(A),도시지역 인구현황(시군구),명,1962646.0,1974433.0,1995531.0,2018537.0,2037582.0,2075514.0,2101284.0,2028777.0,2047631.0,2062273.0,2077649.0,2096727.0,2116770.0,2126282.0,2123709.0,2121029.0,
1127,충청남도,전체인구(A),도시지역 인구현황(시군구),명,,,,0.0,0.0,,0.0,,,,,,,,,,
1134,천안시,전체인구(A),도시지역 인구현황(시군구),명,512482.0,523323.0,531956.0,537698.0,540832.0,557673.0,571377.0,581988.0,591089.0,598346.0,605776.0,617955.0,631531.0,646075.0,652258.0,658808.0,
1141,공주시,전체인구(A),도시지역 인구현황(시군구),명,129489.0,128330.0,126612.0,125143.0,124172.0,124930.0,124748.0,117298.0,116369.0,113621.0,111261.0,109931.0,108432.0,107581.0,106474.0,104545.0,
1148,보령시,전체인구(A),도시지역 인구현황(시군구),명,108056.0,107591.0,107637.0,106885.0,106754.0,107346.0,106421.0,105559.0,104938.0,104321.0,104754.0,103873.0,103198.0,101990.0,101114.0,100229.0,
1155,아산시,전체인구(A),도시지역 인구현황(시군구),명,204431.0,211560.0,221490.0,240942.0,256449.0,265191.0,274523.0,280490.0,287073.0,293954.0,297737.0,302929.0,311453.0,312822.0,314395.0,316129.0,
1162,서산시,전체인구(A),도시지역 인구현황(시군구),명,150294.0,150889.0,153569.0,156867.0,158886.0,160468.0,161489.0,163315.0,165837.0,167611.0,170099.0,170788.0,171678.0,174162.0,174690.0,175591.0,
1169,논산시,전체인구(A),도시지역 인구현황(시군구),명,134217.0,131466.0,129486.0,127797.0,127097.0,127507.0,127533.0,126653.0,125844.0,124784.0,124232.0,123213.0,122240.0,120230.0,118842.0,116675.0,
1176,계룡시,전체인구(A),도시지역 인구현황(시군구),명,34370.0,36846.0,37775.0,41411.0,42760.0,43088.0,42942.0,41550.0,40957.0,40552.0,41730.0,42634.0,43967.0,43731.0,42971.0,42822.0,
1183,당진시,전체인구(A),도시지역 인구현황(시군구),명,,,,,,,,155104.0,159615.0,162844.0,165122.0,166630.0,167439.0,167770.0,167042.0,166249.0,
1190,당진군,전체인구(A),도시지역 인구현황(시군구),명,120483.0,124925.0,136254.0,136432.0,138798.0,144903.0,150219.0,,,,,,,,,,
1197,금산군,전체인구(A),도시지역 인구현황(시군구),명,58378.0,57552.0,57690.0,56740.0,56220.0,56555.0,56030.0,55715.0,55441.0,55166.0,54879.0,54612.0,53894.0,53222.0,52257.0,51413.0,
1204,연기군,전체인구(A),도시지역 인구현황(시군구),명,84308.0,82747.0,79977.0,78645.0,79482.0,81871.0,82890.0,,,,,,,,,,
1211,부여군,전체인구(A),도시지역 인구현황(시군구),명,81430.0,79595.0,77916.0,76687.0,75564.0,75029.0,74004.0,73259.0,72547.0,71754.0,71143.0,70187.0,69086.0,68078.0,66740.0,65354.0,
1218,서천군,전체인구(A),도시지역 인구현황(시군구),명,64322.0,62629.0,61168.0,60507.0,60066.0,60085.0,59541.0,58920.0,58441.0,57713.0,56910.0,56012.0,55175.0,53922.0,52805.0,51866.0,
1225,청양군,전체인구(A),도시지역 인구현황(시군구),명,34921.0,34086.0,33604.0,33062.0,32613.0,32541.0,32291.0,32087.0,32155.0,32248.0,32485.0,32753.0,32837.0,32296.0,31717.0,30948.0,
1232,홍성군,전체인구(A),도시지역 인구현황(시군구),명,90931.0,89555.0,88685.0,88176.0,87631.0,88078.0,88108.0,88415.0,89704.0,91866.0,94553.0,99971.0,101570.0,101082.0,100423.0,100102.0,
1239,예산군,전체인구(A),도시지역 인구현황(시군구),명,90740.0,89585.0,88670.0,88144.0,87163.0,87002.0,86421.0,85876.0,85205.0,84919.0,83484.0,81339.0,80338.0,80083.0,79238.0,78084.0,
1246,태안군,전체인구(A),도시지역 인구현황(시군구),명,63794.0,63754.0,63042.0,63401.0,63095.0,63247.0,62747.0,62548.0,62416.0,62574.0,63484.0,63900.0,63932.0,63238.0,62743.0,62214.0,
1253,전라북도,전체인구(A),도시지역 인구현황(시군구),명,1885335.0,1868365.0,1862277.0,1855772.0,1854508.0,1868963.0,1874031.0,1873341.0,1872965.0,1871560.0,1869711.0,1864791.0,1854607.0,1836832.0,1818917.0,1804104.0,
1260,전라북도,전체인구(A),도시지역 인구현황(시군구),명,,,,0.0,0.0,,0.0,,,,,,,,,,
1267,전주시,전체인구(A),도시지역 인구현황(시군구),명,621749.0,624849.0,623926.0,631532.0,635007.0,641525.0,645894.0,648863.0,650082.0,652877.0,652282.0,651744.0,648964.0,651091.0,654394.0,657432.0,
1274,군산시,전체인구(A),도시지역 인구현황(시군구),명,263120.0,260989.0,260562.0,263845.0,266922.0,272601.0,275659.0,278341.0,278319.0,278098.0,278398.0,277551.0,274997.0,272645.0,270131.0,267859.0,
1281,익산시,전체인구(A),도시지역 인구현황(시군구),명,318506.0,315094.0,313590.0,309269.0,306669.0,307289.0,309804.0,306469.0,306539.0,304117.0,302061.0,300479.0,300187.0,294062.0,287771.0,282276.0,
1288,정읍시,전체인구(A),도시지역 인구현황(시군구),명,129050.0,126249.0,124239.0,122842.0,121545.0,122000.0,120466.0,119392.0,118328.0,117183.0,115977.0,115173.0,113776.0,112169.0,110541.0,108508.0,
1295,남원시,전체인구(A),도시지역 인구현황(시군구),명,93670.0,91265.0,89247.0,88356.0,87675.0,87775.0,87455.0,87000.0,86460.0,85643.0,84856.0,84188.0,83281.0,82554.0,81441.0,80662.0,
1302,김제시,전체인구(A),도시지역 인구현황(시군구),명,102720.0,100238.0,97615.0,95807.0,94770.0,94346.0,93111.0,92317.0,91218.0,90108.0,88721.0,87782.0,86926.0,85331.0,83895.0,82450.0,
1309,완주군,전체인구(A),도시지역 인구현황(시군구),명,83651.0,83199.0,82972.0,83757.0,83885.0,85119.0,84660.0,86164.0,86978.0,90377.0,95303.0,95480.0,95975.0,94444.0,92220.0,91609.0,
1316,진안군,전체인구(A),도시지역 인구현황(시군구),명,29021.0,27122.0,30250.0,27230.0,27558.0,27543.0,28473.0,26963.0,26703.0,26474.0,26203.0,26069.0,26271.0,25963.0,25697.0,25394.0,
1323,무주군,전체인구(A),도시지역 인구현황(시군구),명,25876.0,25417.0,26361.0,26017.0,25811.0,25578.0,25863.0,25321.0,25398.0,25390.0,25220.0,24949.0,24809.0,24589.0,24303.0,24036.0,
1330,장수군,전체인구(A),도시지역 인구현황(시군구),명,24755.0,24209.0,26687.0,23864.0,23478.0,23386.0,23215.0,23191.0,23243.0,23335.0,23277.0,23628.0,23003.0,23221.0,22441.0,22085.0,
1337,임실군,전체인구(A),도시지역 인구현황(시군구),명,32511.0,31976.0,31952.0,31133.0,30703.0,30593.0,30789.0,29956.0,29739.0,29966.0,30271.0,30197.0,30162.0,30072.0,28902.0,27314.0,
1344,순창군,전체인구(A),도시지역 인구현황(시군구),명,32012.0,32485.0,32035.0,30920.0,30179.0,30209.0,29497.0,30055.0,30272.0,30368.0,30248.0,29949.0,29698.0,29209.0,28382.0,27810.0,
1351,고창군,전체인구(A),도시지역 인구현황(시군구),명,63676.0,62030.0,60962.0,60328.0,60102.0,60861.0,60065.0,60440.0,60522.0,60090.0,60046.0,60597.0,60472.0,57041.0,55504.0,54529.0,
1358,부안군,전체인구(A),도시지역 인구현황(시군구),명,65018.0,63243.0,61879.0,60872.0,60204.0,60138.0,59080.0,58869.0,59164.0,57534.0,56848.0,57005.0,56086.0,54441.0,53295.0,52140.0,
1365,전라남도,전체인구(A),도시지역 인구현황(시군구),명,1967205.0,1942925.0,1929836.0,1919000.0,1913004.0,1918485.0,1914339.0,1909618.0,1907172.0,1905780.0,1908996.0,1903914.0,1896424.0,1882970.0,1868745.0,1851549.0,
1372,전라남도,전체인구(A),도시지역 인구현황(시군구),명,,,,0.0,0.0,,0.0,,,,,,,,,,
1379,목포시,전체인구(A),도시지역 인구현황(시군구),명,242988.0,241679.0,243312.0,245651.0,244339.0,245422.0,244871.0,245073.0,240936.0,239109.0,238382.0,237739.0,234379.0,232327.0,229861.0,224044.0,
1386,여수시,전체인구(A),도시지역 인구현황(시군구),명,301389.0,297489.0,295439.0,295133.0,293546.0,293488.0,292750.0,292217.0,291366.0,290900.0,290168.0,288988.0,286382.0,283300.0,282786.0,280242.0,
1393,순천시,전체인구(A),도시지역 인구현황(시군구),명,270934.0,269940.0,270380.0,269429.0,269516.0,272620.0,272201.0,273798.0,275668.0,277188.0,278765.0,278548.0,279331.0,279389.0,279598.0,282189.0,
1400,나주시,전체인구(A),도시지역 인구현황(시군구),명,97980.0,96417.0,95439.0,92884.0,90875.0,90118.0,88243.0,88067.0,87754.0,90669.0,98182.0,104376.0,110110.0,113839.0,114664.0,115613.0,
1407,광양시,전체인구(A),도시지역 인구현황(시군구),명,138098.0,138237.0,138865.0,141388.0,143461.0,145512.0,150725.0,150837.0,151621.0,152097.0,153587.0,155580.0,155857.0,156564.0,156750.0,151769.0,
1414,담양군,전체인구(A),도시지역 인구현황(시군구),명,50364.0,50332.0,50441.0,48347.0,47286.0,47808.0,47819.0,47612.0,47365.0,47177.0,47009.0,47229.0,47285.0,46917.0,46535.0,46280.0,
1421,곡성군,전체인구(A),도시지역 인구현황(시군구),명,34157.0,33631.0,33311.0,32608.0,32084.0,31886.0,31332.0,30878.0,31009.0,30732.0,30672.0,30400.0,30131.0,29624.0,28887.0,28039.0,
1428,구례군,전체인구(A),도시지역 인구현황(시군구),명,29577.0,28837.0,28203.0,27703.0,27518.0,27375.0,27422.0,27077.0,27115.0,27170.0,27308.0,27412.0,27525.0,27117.0,26563.0,25719.0,
1435,고흥군,전체인구(A),도시지역 인구현황(시군구),명,83830.0,81068.0,78589.0,76605.0,75127.0,73924.0,72607.0,71560.0,70631.0,69641.0,68601.0,67656.0,66736.0,65777.0,64913.0,63922.0,
1442,보성군,전체인구(A),도시지역 인구현황(시군구),명,53145.0,51948.0,50921.0,50004.0,49048.0,48792.0,47894.0,47050.0,46385.0,45882.0,45349.0,44469.0,43755.0,42803.0,41420.0,40482.0,
1449,화순군,전체인구(A),도시지역 인구현황(시군구),명,73673.0,72615.0,71551.0,70327.0,69675.0,69368.0,68985.0,68378.0,67829.0,66772.0,65848.0,65303.0,64680.0,63933.0,62737.0,62522.0,
1456,장흥군,전체인구(A),도시지역 인구현황(시군구),명,45542.0,44451.0,43468.0,42783.0,42097.0,42394.0,42552.0,42672.0,43004.0,43190.0,43513.0,40669.0,40136.0,39312.0,38563.0,37800.0,
1463,강진군,전체인구(A),도시지역 인구현황(시군구),명,42696.0,41938.0,41352.0,41153.0,41164.0,41624.0,41599.0,40241.0,40079.0,39861.0,38758.0,37753.0,36868.0,36144.0,35286.0,34597.0,
1470,해남군,전체인구(A),도시지역 인구현황(시군구),명,86238.0,84338.0,82529.0,81043.0,81148.0,79579.0,78346.0,78150.0,77684.0,76981.0,76194.0,75121.0,73604.0,71901.0,70354.0,68806.0,
1477,영암군,전체인구(A),도시지역 인구현황(시군구),명,62004.0,61546.0,60742.0,60106.0,59837.0,60082.0,60139.0,59997.0,59061.0,58852.0,58137.0,57045.0,55616.0,54731.0,54593.0,53699.0,
1484,무안군,전체인구(A),도시지역 인구현황(시군구),명,61915.0,61766.0,63674.0,66598.0,72417.0,74475.0,75718.0,75741.0,79367.0,81696.0,82236.0,82109.0,82872.0,81991.0,81105.0,86132.0,
1491,함평군,전체인구(A),도시지역 인구현황(시군구),명,40189.0,38647.0,37998.0,37432.0,37089.0,36702.0,36134.0,35780.0,35610.0,35090.0,34876.0,34397.0,34328.0,33420.0,32861.0,32050.0,
1498,영광군,전체인구(A),도시지역 인구현황(시군구),명,61500.0,60045.0,58837.0,58075.0,57037.0,57362.0,56863.0,57224.0,57617.0,56833.0,56267.0,55618.0,54774.0,54127.0,53852.0,53099.0,
1505,장성군,전체인구(A),도시지역 인구현황(시군구),명,49165.0,47870.0,47410.0,46602.0,46214.0,46514.0,46245.0,46289.0,46292.0,46273.0,46360.0,46104.0,46111.0,45795.0,45739.0,44464.0,
1512,완도군,전체인구(A),도시지역 인구현황(시군구),명,58841.0,57464.0,56201.0,54999.0,54301.0,54269.0,54037.0,53871.0,53619.0,53174.0,53014.0,52668.0,52109.0,51477.0,50689.0,49916.0,
1519,진도군,전체인구(A),도시지역 인구현황(시군구),명,36529.0,35953.0,35206.0,34412.0,33931.0,33743.0,33502.0,33208.0,32998.0,32746.0,32476.0,32078.0,31765.0,31219.0,30715.0,31227.0,
1526,신안군,전체인구(A),도시지역 인구현황(시군구),명,46451.0,46714.0,45968.0,45718.0,45294.0,45428.0,44355.0,43898.0,44162.0,43747.0,43294.0,42652.0,42070.0,41263.0,40274.0,38938.0,
1533,경상북도,전체인구(A),도시지역 인구현황(시군구),명,2688491.0,2688577.0,2681364.0,2673931.0,2669876.0,2689920.0,2699195.0,2698353.0,2699440.0,2700794.0,2702826.0,2700398.0,2691706.0,2676831.0,2665836.0,2639422.0,
1540,경상북도,전체인구(A),도시지역 인구현황(시군구),명,,,,0.0,0.0,,0.0,,,,,,,,,,
1547,포항시,전체인구(A),도시지역 인구현황(시군구),명,507052.0,505008.0,505555.0,508119.0,509475.0,514755.0,517088.0,518913.0,519467.0,519368.0,519584.0,516775.0,513832.0,510013.0,507025.0,502916.0,
1554,경주시,전체인구(A),도시지역 인구현황(시군구),명,275087.0,273419.0,272206.0,269343.0,267466.0,267098.0,265488.0,264091.0,263283.0,261535.0,259773.0,259452.0,257903.0,256864.0,255402.0,253502.0,
1561,김천시,전체인구(A),도시지역 인구현황(시군구),명,141632.0,139682.0,139084.0,138056.0,135918.0,136136.0,136185.0,135504.0,135259.0,135456.0,140132.0,142256.0,142908.0,141104.0,141229.0,140548.0,
1568,안동시,전체인구(A),도시지역 인구현황(시군구),명,171387.0,168733.0,167916.0,167300.0,167432.0,167886.0,168157.0,168302.0,168461.0,168697.0,169221.0,168798.0,166272.0,162180.0,160052.0,158907.0,
1575,구미시,전체인구(A),도시지역 인구현황(시군구),명,374614.0,386465.0,391897.0,393959.0,396419.0,404920.0,413446.0,416949.0,419428.0,420320.0,419915.0,419891.0,421799.0,421494.0,419742.0,416328.0,
1582,영주시,전체인구(A),도시지역 인구현황(시군구),명,119098.0,116965.0,115083.0,113930.0,113309.0,113926.0,114148.0,113547.0,112625.0,110780.0,109735.0,109247.0,108371.0,106801.0,105067.0,103119.0,
1589,영천시,전체인구(A),도시지역 인구현황(시군구),명,107337.0,105029.0,105819.0,104022.0,103115.0,103190.0,104182.0,101798.0,100778.0,100689.0,100648.0,100521.0,100615.0,101595.0,102470.0,102015.0,
1596,상주시,전체인구(A),도시지역 인구현황(시군구),명,110444.0,108280.0,106600.0,105381.0,106208.0,105607.0,104685.0,104182.0,103346.0,102892.0,102374.0,101799.0,100947.0,100297.0,100688.0,97228.0,
1603,문경시,전체인구(A),도시지역 인구현황(시군구),명,78058.0,76177.0,74780.0,75486.0,76645.0,77391.0,76727.0,75899.0,75664.0,75911.0,75784.0,74702.0,73294.0,71874.0,72242.0,71406.0,
1610,경산시,전체인구(A),도시지역 인구현황(시군구),명,227766.0,234839.0,236881.0,237423.0,236459.0,240708.0,243684.0,246358.0,248805.0,253968.0,256888.0,258037.0,259485.0,261093.0,263185.0,263728.0,
1617,군위군,전체인구(A),도시지역 인구현황(시군구),명,27709.0,26687.0,25781.0,25309.0,24966.0,24736.0,24268.0,24119.0,24172.0,24170.0,24126.0,24171.0,24215.0,23919.0,23843.0,23256.0,
1624,의성군,전체인구(A),도시지역 인구현황(시군구),명,64457.0,62947.0,61366.0,60033.0,59109.0,58832.0,57744.0,57043.0,56064.0,55212.0,54477.0,54014.0,53474.0,52944.0,52595.0,51724.0,
1631,청송군,전체인구(A),도시지역 인구현황(시군구),명,29298.0,28465.0,27862.0,27289.0,26917.0,26715.0,26569.0,26481.0,26470.0,26453.0,26384.0,26301.0,26006.0,25678.0,25416.0,25044.0,
1638,영양군,전체인구(A),도시지역 인구현황(시군구),명,20025.0,19615.0,19119.0,18766.0,18553.0,18451.0,18241.0,18208.0,18297.0,18197.0,17898.0,17713.0,17479.0,17356.0,16993.0,16692.0,
1645,영덕군,전체인구(A),도시지역 인구현황(시군구),명,45003.0,46460.0,43470.0,42707.0,41710.0,41377.0,40794.0,40257.0,40142.0,39586.0,39191.0,39052.0,38529.0,38108.0,37361.0,36313.0,
1652,청도군,전체인구(A),도시지역 인구현황(시군구),명,46748.0,46144.0,45515.0,44711.0,44279.0,44391.0,44298.0,43968.0,43788.0,43993.0,43724.0,43564.0,43346.0,43057.0,42910.0,42263.0,
1659,고령군,전체인구(A),도시지역 인구현황(시군구),명,34271.0,34777.0,34907.0,34770.0,34535.0,34678.0,35455.0,35343.0,35198.0,35033.0,34594.0,34257.0,33768.0,32969.0,32373.0,31361.0,
1666,성주군,전체인구(A),도시지역 인구현황(시군구),명,46960.0,46358.0,45680.0,45024.0,45616.0,45289.0,45640.0,45127.0,45067.0,44981.0,45029.0,45205.0,45138.0,44672.0,44015.0,43414.0,
1673,칠곡군,전체인구(A),도시지역 인구현황(시군구),명,107750.0,111390.0,113851.0,116472.0,117288.0,119087.0,118838.0,119786.0,121182.0,122058.0,122829.0,123199.0,120864.0,118828.0,117047.0,114758.0,
1680,예천군,전체인구(A),도시지역 인구현황(시군구),명,50951.0,50218.0,48866.0,47993.0,47306.0,47049.0,46579.0,46027.0,45573.0,45104.0,44674.0,46166.0,49253.0,53274.0,55100.0,55613.0,
1687,봉화군,전체인구(A),도시지역 인구현황(시군구),명,36599.0,35608.0,35046.0,34628.0,34297.0,34567.0,34192.0,33934.0,33894.0,34023.0,33808.0,33539.0,33259.0,32843.0,32150.0,31494.0,
1694,울진군,전체인구(A),도시지역 인구현황(시군구),명,56707.0,55076.0,53955.0,53042.0,52529.0,52430.0,52045.0,51844.0,51953.0,52104.0,51885.0,51738.0,50974.0,50036.0,49314.0,48716.0,
1701,울릉군,전체인구(A),도시지역 인구현황(시군구),명,9538.0,10235.0,10125.0,10168.0,10325.0,10701.0,10742.0,10673.0,10524.0,10264.0,10153.0,10001.0,9975.0,9832.0,9617.0,9077.0,
1708,경상남도,전체인구(A),도시지역 인구현황(시군구),명,3160431.0,3172857.0,3196953.0,3225255.0,3250176.0,3290536.0,3308765.0,3319314.0,3333820.0,3350257.0,3364702.0,3373871.0,3380404.0,3373988.0,3362553.0,3340216.0,
1715,경상남도,전체인구(A),도시지역 인구현황(시군구),명,,,,0.0,0.0,,0.0,,,,,,,,,,
1722,창원시,전체인구(A),도시지역 인구현황(시군구),명,504520.0,503881.0,503930.0,503518.0,502727.0,1090181.0,1091881.0,1091471.0,1083731.0,1075168.0,1070064.0,1063907.0,1057032.0,1053601.0,1044740.0,1036738.0,
1729,마산시,전체인구(A),도시지역 인구현황(시군구),명,425018.0,421783.0,415805.0,411078.0,406307.0,,0.0,,,,,,,,,,
1736,진주시,전체인구(A),도시지역 인구현황(시군구),명,336234.0,333554.0,330756.0,331222.0,331720.0,335037.0,335502.0,337314.0,337071.0,340241.0,344426.0,346739.0,346681.0,345987.0,347334.0,348096.0,
1743,진해시,전체인구(A),도시지역 인구현황(시군구),명,156992.0,161175.0,163108.0,168696.0,171407.0,,0.0,,,,,,,,,,
1750,통영시,전체인구(A),도시지역 인구현황(시군구),명,132795.0,133127.0,134431.0,136275.0,137415.0,140297.0,140195.0,139347.0,139719.0,139439.0,139168.0,138160.0,135833.0,133720.0,131404.0,128293.0,
1757,사천시,전체인구(A),도시지역 인구현황(시군구),명,111293.0,112300.0,112499.0,112828.0,112724.0,114148.0,114133.0,115321.0,116851.0,116485.0,115452.0,114912.0,114252.0,113888.0,111925.0,111105.0,
1764,김해시,전체인구(A),도시지역 인구현황(시군구),명,443017.0,453728.0,464964.0,477572.0,492413.0,503348.0,507062.0,513260.0,522049.0,527240.0,528865.0,529422.0,532132.0,533672.0,542455.0,542338.0,
1771,밀양시,전체인구(A),도시지역 인구현황(시군구),명,113636.0,112025.0,111473.0,110858.0,110170.0,110479.0,109329.0,108755.0,108342.0,107765.0,107896.0,108354.0,107898.0,106744.0,105552.0,104831.0,
1778,거제시,전체인구(A),도시지역 인구현황(시군구),명,195609.0,201412.0,208208.0,217211.0,225522.0,228355.0,232787.0,236944.0,242077.0,248287.0,255828.0,257183.0,254073.0,250516.0,248276.0,245754.0,
1785,양산시,전체인구(A),도시지역 인구현황(시군구),명,222299.0,226425.0,231956.0,243012.0,250387.0,260239.0,266403.0,270460.0,279565.0,292376.0,301291.0,317037.0,338535.0,348639.0,350759.0,352229.0,
1792,의령군,전체인구(A),도시지역 인구현황(시군구),명,31099.0,31625.0,31418.0,30734.0,30496.0,30162.0,30045.0,30329.0,29417.0,29209.0,28544.0,28111.0,27849.0,27667.0,27168.0,26800.0,
1799,함안군,전체인구(A),도시지역 인구현황(시군구),명,61376.0,63460.0,64865.0,66050.0,66582.0,67207.0,66971.0,67425.0,67667.0,68741.0,69156.0,68937.0,68207.0,67025.0,65700.0,64182.0,
1806,창녕군,전체인구(A),도시지역 인구현황(시군구),명,64672.0,63476.0,62255.0,61603.0,61252.0,61714.0,62490.0,62966.0,63447.0,63502.0,63817.0,63982.0,64101.0,63396.0,62331.0,61301.0,
1813,고성군,전체인구(A),도시지역 인구현황(시군구),명,56189.0,55309.0,55393.0,55950.0,57100.0,57231.0,57264.0,56906.0,56369.0,55916.0,55284.0,54703.0,54060.0,53243.0,52276.0,51361.0,
1820,남해군,전체인구(A),도시지역 인구현황(시군구),명,51825.0,50792.0,55026.0,50698.0,50244.0,49328.0,50242.0,48223.0,47244.0,46638.0,45865.0,45129.0,44642.0,43990.0,43622.0,42958.0,
1827,하동군,전체인구(A),도시지역 인구현황(시군구),명,53131.0,52898.0,55526.0,53515.0,52010.0,51509.0,53975.0,50806.0,50177.0,49223.0,50259.0,49622.0,48831.0,47533.0,46574.0,44785.0,
1834,산청군,전체인구(A),도시지역 인구현황(시군구),명,36294.0,35704.0,35274.0,35043.0,34921.0,35591.0,35651.0,35691.0,35935.0,35849.0,36071.0,36098.0,36340.0,35952.0,35417.0,34857.0,
1841,함양군,전체인구(A),도시지역 인구현황(시군구),명,41535.0,41162.0,40637.0,40447.0,40626.0,41197.0,41081.0,40714.0,40692.0,40584.0,40339.0,40241.0,40175.0,40044.0,39637.0,39080.0,
1848,거창군,전체인구(A),도시지역 인구현황(시군구),명,64735.0,63917.0,63979.0,63268.0,63180.0,63421.0,63146.0,63103.0,63177.0,63137.0,63232.0,63308.0,62763.0,62455.0,62179.0,61502.0,
1855,합천군,전체인구(A),도시지역 인구현황(시군구),명,58162.0,55104.0,55450.0,55677.0,52973.0,51092.0,50608.0,50279.0,50290.0,50457.0,49145.0,48026.0,47000.0,45916.0,45204.0,44006.0,
1862,제주특별자치도,전체인구(A),도시지역 인구현황(시군구),명,557569.0,558496.0,559258.0,560618.0,562663.0,571255.0,576156.0,583713.0,593806.0,607346.0,624395.0,641597.0,657083.0,667191.0,670989.0,674635.0,
1869,제주도,전체인구(A),도시지역 인구현황(시군구),명,,,,0.0,0.0,,0.0,,,,,,,,,,
1876,제주시,전체인구(A),도시지역 인구현황(시군구),명,303499.0,403601.0,405458.0,407498.0,410378.0,417539.0,422790.0,429656.0,438165.0,448834.0,459876.0,470665.0,478700.0,485946.0,489405.0,492466.0,
1883,서귀포시,전체인구(A),도시지역 인구현황(시군구),명,83027.0,154895.0,153800.0,153120.0,152285.0,153716.0,153366.0,154057.0,155641.0,158512.0,164519.0,170932.0,178383.0,181245.0,181584.0,182169.0,
1890,북제주군,전체인구(A),도시지역 인구현황(시군구),명,97202.0,,,,,,,,,,,,,,,,
1897,남제주군,전체인구(A),도시지역 인구현황(시군구),명,73841.0,,,,,,,,,,,,,,,,
