,행정구역별,자동차등록용도별,차종별,항목,단위,2020 년,2019 년,2018 년,2017 년,2016 년,2015 년,2014 년,2013 년,2012 년,Unnamed: 14
1,전국,전체,합계,연간 주행거리[천㎞],천㎞,332023788.6,329553922.5,327072635.9,319870540.7,311236233.7,298322891.0,290008712.0,277420070.0,279522620.0,
31,서울특별시,전체,합계,연간 주행거리[천㎞],천㎞,39254952.2,40114689.7,41297377.7,41643855.4,41823307.9,41464388.0,41620697.0,40884871.0,42811379.0,
61,종로구,전체,합계,연간 주행거리[천㎞],천㎞,584920.4,578443.4,620584.2,617249.8,612878.3,621110.0,636518.0,623780.0,641520.0,
91,중구,전체,합계,연간 주행거리[천㎞],천㎞,625188.8,690370.1,697498.4,666163.0,717276.5,690171.0,768928.0,725198.0,765118.0,
121,용산구,전체,합계,연간 주행거리[천㎞],천㎞,848284.1,833429.4,854237.5,841631.3,853230.6,840347.0,853299.0,839643.0,866309.0,
151,성동구,전체,합계,연간 주행거리[천㎞],천㎞,1460458.7,1454743.5,1466138.8,1388940.6,1368202.4,1298350.0,1280027.0,1233707.0,1276209.0,
181,광진구,전체,합계,연간 주행거리[천㎞],천㎞,1234231.4,1274866.8,1314605.9,1345294.5,1355278.4,1323282.0,1314116.0,1301254.0,1358819.0,
211,동대문구,전체,합계,연간 주행거리[천㎞],천㎞,1224003.1,1220638.7,1257187.4,1310907.9,1327893.4,1308092.0,1303741.0,1278264.0,1307306.0,
241,중랑구,전체,합계,연간 주행거리[천㎞],천㎞,1450641.0,1517720.0,1590689.9,1613619.2,1585150.9,1619907.0,1590072.0,1555783.0,1603065.0,
271,성북구,전체,합계,연간 주행거리[천㎞],천㎞,1417473.4,1454077.2,1478747.9,1528536.3,1531562.8,1538732.0,1560874.0,1541156.0,1604579.0,
301,강북구,전체,합계,연간 주행거리[천㎞],천㎞,1026470.2,1155322.7,1026975.9,1036416.0,1037191.6,1028488.0,1053599.0,1023829.0,1111813.0,
331,도봉구,전체,합계,연간 주행거리[천㎞],천㎞,1208668.4,1241415.8,1312738.4,1341527.4,1341110.0,1378854.0,1366028.0,1342521.0,1493537.0,
361,노원구,전체,합계,연간 주행거리[천㎞],천㎞,1920927.7,1980062.6,2045064.4,2142890.0,2148235.3,2210005.0,2192251.0,2202413.0,2362573.0,
391,은평구,전체,합계,연간 주행거리[천㎞],천㎞,1651846.9,1628985.9,1705642.9,1714312.4,1720973.8,1772406.0,1753754.0,1750033.0,1805163.0,
421,서대문구,전체,합계,연간 주행거리[천㎞],천㎞,1082417.4,1101497.7,1135866.5,1151648.2,1151427.5,1156883.0,1117501.0,1108439.0,1169812.0,
451,마포구,전체,합계,연간 주행거리[천㎞],천㎞,1462626.9,1483146.6,1530261.7,1567906.3,1583769.6,1560829.0,1585754.0,1508945.0,1563652.0,
481,양천구,전체,합계,연간 주행거리[천㎞],천㎞,1876148.8,1921258.1,2001499.3,2053566.6,2072868.5,2148453.0,2122280.0,2138782.0,2239600.0,
511,강서구,전체,합계,연간 주행거리[천㎞],천㎞,2717909.8,2846616.3,2872362.1,2862148.4,2788436.8,2883776.0,2755894.0,2711472.0,2930788.0,
541,구로구,전체,합계,연간 주행거리[천㎞],천㎞,1962176.4,2078373.0,2110649.8,2033502.4,2031894.0,2042432.0,2150490.0,1929047.0,1987167.0,
571,금천구,전체,합계,연간 주행거리[천㎞],천㎞,1179474.3,1182840.0,1229060.4,1282031.4,1289814.0,1272451.0,1176104.0,1117368.0,1177942.0,
601,영등포구,전체,합계,연간 주행거리[천㎞],천㎞,1808499.1,1870888.0,1941559.7,1936634.2,1942415.2,1878806.0,1859063.0,1868701.0,1962115.0,
631,동작구,전체,합계,연간 주행거리[천㎞],천㎞,1280040.7,1230673.1,1254096.1,1285484.4,1289126.7,1277954.0,1289798.0,1271445.0,1290319.0,
661,관악구,전체,합계,연간 주행거리[천㎞],천㎞,1418375.9,1486719.4,1540688.8,1582979.5,1592432.2,1601686.0,1581585.0,1573762.0,1624403.0,
691,서초구,전체,합계,연간 주행거리[천㎞],천㎞,2147268.0,2208238.4,2326016.2,2288011.3,2326902.3,2226355.0,2257335.0,2189763.0,2298832.0,
721,강남구,전체,합계,연간 주행거리[천㎞],천㎞,2771233.6,2820533.7,2990439.2,3063832.1,3192280.1,2926757.0,3081868.0,3113410.0,3220045.0,
751,송파구,전체,합계,연간 주행거리[천㎞],천㎞,3043114.9,3044931.6,3120789.6,3051959.7,2997280.4,2878465.0,2927748.0,2886424.0,2989135.0,
781,강동구,전체,합계,연간 주행거리[천㎞],천㎞,1852552.4,1808897.6,1873976.7,1936662.3,1965676.3,1979798.0,2042068.0,2049731.0,2161559.0,
811,부산광역시,전체,합계,연간 주행거리[천㎞],천㎞,19829048.4,20224672.7,19554026.4,18869073.4,18431672.3,18056819.0,17879946.0,17727913.0,18012773.0,
841,중구,전체,합계,연간 주행거리[천㎞],천㎞,485739.8,500693.9,470287.2,408624.0,375312.7,347257.0,362673.0,369759.0,351263.0,
871,서구,전체,합계,연간 주행거리[천㎞],천㎞,395326.8,421820.5,421122.0,405627.1,409007.8,397327.0,400022.0,389701.0,398261.0,
901,동구,전체,합계,연간 주행거리[천㎞],천㎞,613438.1,598059.8,600009.7,575569.2,593517.3,515455.0,499626.0,477468.0,470613.0,
931,영도구,전체,합계,연간 주행거리[천㎞],천㎞,456716.0,495798.3,512440.9,505407.7,486611.2,508445.0,499799.0,531880.0,549985.0,
961,부산진구,전체,합계,연간 주행거리[천㎞],천㎞,1835271.8,1859940.3,1750965.8,1734931.4,1741852.9,1619859.0,1678130.0,1694174.0,1757478.0,
991,동래구,전체,합계,연간 주행거리[천㎞],천㎞,1286472.3,1344106.3,1347510.3,1330838.8,1297606.7,1251184.0,1245300.0,1237484.0,1259158.0,
1021,남구,전체,합계,연간 주행거리[천㎞],천㎞,1388224.4,1503091.3,1498039.4,1443793.7,1414923.7,1418778.0,1375942.0,1401505.0,1392623.0,
1051,북구,전체,합계,연간 주행거리[천㎞],천㎞,1513358.8,1578663.2,1616845.3,1600054.1,1596349.2,1556470.0,1493198.0,1438373.0,1478167.0,
1081,해운대구,전체,합계,연간 주행거리[천㎞],천㎞,2327960.5,2211413.0,2196108.7,2171043.1,2140408.3,2062640.0,2066061.0,1993799.0,2014958.0,
1111,사하구,전체,합계,연간 주행거리[천㎞],천㎞,1583016.5,1700014.1,1718285.2,1661028.7,1627382.0,1702864.0,1735411.0,1832982.0,1898837.0,
1141,금정구,전체,합계,연간 주행거리[천㎞],천㎞,1364534.3,1470192.9,1469457.4,1410456.6,1348308.0,1424003.0,1419593.0,1483315.0,1545648.0,
1171,강서구,전체,합계,연간 주행거리[천㎞],천㎞,1217305.0,1226239.7,1188192.3,1121609.6,1029696.8,929366.0,822956.0,729734.0,719914.0,
1201,연제구,전체,합계,연간 주행거리[천㎞],천㎞,1291796.9,1295077.2,1251018.8,1138870.5,1112490.7,1074920.0,1071856.0,1015948.0,1063855.0,
1231,수영구,전체,합계,연간 주행거리[천㎞],천㎞,1513796.1,1390022.7,883368.9,824050.5,801310.7,797450.0,799475.0,778201.0,820019.0,
1261,사상구,전체,합계,연간 주행거리[천㎞],천㎞,1337948.4,1430106.9,1455534.1,1433530.0,1393057.2,1448623.0,1452571.0,1506631.0,1567184.0,
1291,기장군,전체,합계,연간 주행거리[천㎞],천㎞,1218142.7,1199432.9,1174840.5,1103638.3,1063837.0,1002179.0,957334.0,846958.0,724811.0,
1321,대구광역시,전체,합계,연간 주행거리[천㎞],천㎞,15781735.3,15968412.7,16190891.4,16116873.7,15834493.9,15397853.0,15137599.0,14617666.0,14575187.0,
1351,중구,전체,합계,연간 주행거리[천㎞],천㎞,621181.3,596592.3,608513.5,559638.0,550089.7,504213.0,488335.0,438932.0,433692.0,
1381,동구,전체,합계,연간 주행거리[천㎞],천㎞,2222676.7,2328949.3,2355062.0,2392742.1,2357598.8,2333612.0,2261411.0,2163302.0,2104896.0,
1411,서구,전체,합계,연간 주행거리[천㎞],천㎞,980119.5,1029295.1,1106283.9,1132891.4,1153333.3,1167909.0,1186941.0,1165946.0,1166424.0,
1441,남구,전체,합계,연간 주행거리[천㎞],천㎞,705609.7,718307.7,754015.9,776757.4,786715.1,778741.0,782826.0,765642.0,794085.0,
1471,북구,전체,합계,연간 주행거리[천㎞],천㎞,2985307.5,2936514.9,2988593.6,2987482.0,2967374.7,2851544.0,2826094.0,2711480.0,2715654.0,
1501,수성구,전체,합계,연간 주행거리[천㎞],천㎞,2557908.9,2603669.9,2635377.4,2670332.8,2661712.4,2553542.0,2532707.0,2472716.0,2509083.0,
1531,달서구,전체,합계,연간 주행거리[천㎞],천㎞,3728346.9,3785259.1,3805931.9,3821044.2,3810397.2,3783286.0,3757010.0,3660037.0,3658384.0,
1561,달성군,전체,합계,연간 주행거리[천㎞],천㎞,1980584.9,1969824.2,1937113.4,1775985.9,1547272.7,1425007.0,1302275.0,1239611.0,1192969.0,
1591,인천광역시,전체,합계,연간 주행거리[천㎞],천㎞,25018051.4,24517415.8,23872004.7,22950226.3,21914727.4,20657877.0,19162169.0,16882982.0,15810954.0,
1621,중구,전체,합계,연간 주행거리[천㎞],천㎞,1371406.6,1361071.1,1260890.3,1266950.9,1200586.2,1225045.0,1253684.0,1141871.0,1002709.0,
1651,동구,전체,합계,연간 주행거리[천㎞],천㎞,429190.3,427872.3,431918.0,439863.8,437031.9,461029.0,473571.0,458948.0,470182.0,
1681,미추홀구,전체,합계,연간 주행거리[천㎞],천㎞,2178736.8,2519472.1,3403538.9,3524898.7,3362821.6,3100577.0,2657330.0,2536465.0,2605050.0,
1711,연수구,전체,합계,연간 주행거리[천㎞],천㎞,2441280.2,2342490.5,2191989.8,2074214.4,1955816.4,1867107.0,1739052.0,1606772.0,1530747.0,
1741,남동구,전체,합계,연간 주행거리[천㎞],천㎞,4166853.5,4123544.6,4069671.2,3594294.1,3393112.1,3290694.0,3194905.0,2749704.0,2595049.0,
1771,부평구,전체,합계,연간 주행거리[천㎞],천㎞,2922441.8,2819192.4,2737298.2,2750022.6,2675099.3,2637563.0,2549801.0,2357291.0,2344965.0,
1801,계양구,전체,합계,연간 주행거리[천㎞],천㎞,5969860.6,5895447.2,5603131.2,5233186.5,4943340.6,3985510.0,3400855.0,2419120.0,1759131.0,
1831,서구,전체,합계,연간 주행거리[천㎞],천㎞,3606735.4,3566291.4,3490716.3,3380987.9,3313321.1,3443520.0,3294181.0,3053280.0,2960774.0,
1861,강화군,전체,합계,연간 주행거리[천㎞],천㎞,1804427.8,1330527.7,551091.4,559378.7,513140.5,525674.0,485647.0,456520.0,442179.0,
1891,옹진군,전체,합계,연간 주행거리[천㎞],천㎞,127118.5,131506.5,131759.3,126428.7,120457.5,121159.0,113143.0,103011.0,100169.0,
1921,광주광역시,전체,합계,연간 주행거리[천㎞],천㎞,9444228.3,9377141.2,9284957.0,9212474.4,8980649.1,8787277.0,8523731.0,8254953.0,8180556.0,
1951,동구,전체,합계,연간 주행거리[천㎞],천㎞,539152.3,503237.2,494336.8,488548.3,485723.0,471797.0,463746.0,460797.0,473053.0,
1981,서구,전체,합계,연간 주행거리[천㎞],천㎞,1919407.3,1927505.9,1939309.0,1997087.8,1953715.9,1918923.0,1906418.0,1871745.0,1859070.0,
2011,남구,전체,합계,연간 주행거리[천㎞],천㎞,1209672.4,1208075.8,1207712.3,1227776.4,1216450.3,1197842.0,1136938.0,1070572.0,1064343.0,
2041,북구,전체,합계,연간 주행거리[천㎞],천㎞,2743584.2,2768879.3,2785670.6,2711580.6,2649023.1,2608227.0,2532220.0,2465725.0,2432048.0,
2071,광산구,전체,합계,연간 주행거리[천㎞],천㎞,3032412.1,2969442.9,2857928.3,2787481.3,2675736.7,2590489.0,2484410.0,2386114.0,2352041.0,
2101,대전광역시,전체,합계,연간 주행거리[천㎞],천㎞,9068333.5,9139502.4,9192685.2,9144106.7,8991590.0,8730557.0,8616428.0,8295955.0,8410916.0,
2131,동구,전체,합계,연간 주행거리[천㎞],천㎞,1276996.5,1291688.7,1282243.0,1296239.2,1297534.8,1281369.0,1280684.0,1258133.0,1287964.0,
2161,중구,전체,합계,연간 주행거리[천㎞],천㎞,1379858.0,1423940.3,1446979.5,1444346.9,1432163.2,1397707.0,1369719.0,1351338.0,1389232.0,
2191,서구,전체,합계,연간 주행거리[천㎞],천㎞,2666199.4,2705866.5,2742098.0,2716669.3,2668611.5,2602569.0,2600428.0,2497073.0,2540490.0,
2221,유성구,전체,합계,연간 주행거리[천㎞],천㎞,2369084.4,2310924.9,2283100.2,2246546.1,2169344.4,2068958.0,2001292.0,1858340.0,1843200.0,
2251,대덕구,전체,합계,연간 주행거리[천㎞],천㎞,1376195.1,1407082.0,1438264.6,1440305.1,1423936.2,1379953.0,1364306.0,1331073.0,1350030.0,
2281,울산광역시,전체,합계,연간 주행거리[천㎞],천㎞,7245922.7,7384773.5,7267712.6,7144292.7,7058627.0,6859117.0,6695310.0,6451166.0,6438179.0,
2311,중구,전체,합계,연간 주행거리[천㎞],천㎞,1203466.1,1252303.5,1289562.0,1293335.0,1291124.4,1254051.0,1209356.0,1162783.0,1154818.0,
2341,남구,전체,합계,연간 주행거리[천㎞],천㎞,1948437.8,1996733.4,2003691.7,2025825.1,2020238.8,1998348.0,2002825.0,1988328.0,2002860.0,
2371,동구,전체,합계,연간 주행거리[천㎞],천㎞,731095.8,771261.2,771249.3,765646.6,742115.9,736687.0,713729.0,724741.0,710278.0,
2401,북구,전체,합계,연간 주행거리[천㎞],천㎞,1439039.8,1421612.5,1347737.5,1260733.9,1237573.8,1174740.0,1175592.0,1095822.0,1078044.0,
2431,울주군,전체,합계,연간 주행거리[천㎞],천㎞,1923883.1,1942862.8,1855472.2,1798752.2,1767574.0,1695291.0,1593809.0,1479492.0,1492178.0,
2461,세종특별자치시,전체,합계,연간 주행거리[천㎞],천㎞,2399776.3,2283352.6,2084030.9,1811727.9,1563413.1,1207979.3,883226.4,770218.0,,
2491,세종시,전체,합계,연간 주행거리[천㎞],천㎞,2399776.3,2283352.6,2084030.9,1811727.9,1563413.1,1207979.3,883226.4,770218.0,,
2521,경기도,전체,합계,연간 주행거리[천㎞],천㎞,82227636.7,80885304.1,79817880.3,77360123.4,74795569.2,70426594.9,68588710.2,65551533.5,65760166.6,
2551,수원시,전체,합계,연간 주행거리[천㎞],천㎞,6815256.6,6766605.5,6874338.8,6671683.3,6495439.0,6225756.7,6081582.1,5728131.6,5839311.4,
2581,성남시,전체,합계,연간 주행거리[천㎞],천㎞,4491463.0,4511371.8,4591034.6,4624474.1,4547132.8,4361617.6,4299833.2,4260938.3,4378983.9,
2611,의정부시,전체,합계,연간 주행거리[천㎞],천㎞,2204833.3,2171367.8,2116704.7,2065736.5,1965110.2,1878295.1,1836593.3,1767799.7,1815499.9,
2641,안양시,전체,합계,연간 주행거리[천㎞],천㎞,2888256.4,2954549.2,3016717.6,3076747.4,3008949.3,2901722.5,2855138.7,2817432.0,2926466.7,
2671,부천시,전체,합계,연간 주행거리[천㎞],천㎞,3948428.3,4013722.1,4070012.7,4058510.0,3925832.1,3784274.8,3784412.4,3754434.1,3866692.2,
2701,광명시,전체,합계,연간 주행거리[천㎞],천㎞,1396825.1,1428782.9,1479637.2,1462045.5,1479438.2,1428718.2,1455506.5,1428706.3,1468889.9,
2731,평택시,전체,합계,연간 주행거리[천㎞],천㎞,3778456.4,3678801.7,3514791.3,3355576.4,3196157.6,3031165.9,2892722.4,2728081.2,2689614.1,
2761,동두천시,전체,합계,연간 주행거리[천㎞],천㎞,505105.7,499810.7,504823.0,492344.8,471674.7,446240.5,430229.9,418289.7,427556.2,
2791,안산시,전체,합계,연간 주행거리[천㎞],천㎞,4236874.8,4224503.2,4283016.7,4290246.9,4222508.8,4035586.7,4031081.4,3916460.9,3968148.3,
2821,고양시,전체,합계,연간 주행거리[천㎞],천㎞,5608819.5,5561498.2,5572571.0,5468048.5,5356056.6,5064774.3,4938005.3,4772857.8,4816389.6,
2851,과천시,전체,합계,연간 주행거리[천㎞],천㎞,292687.4,280091.4,280215.1,287796.9,318754.4,311282.4,312442.0,302294.9,320617.7,
2881,구리시,전체,합계,연간 주행거리[천㎞],천㎞,983540.7,984615.5,999399.9,962222.5,893783.5,853863.3,846219.1,849611.4,891209.2,
2911,남양주시,전체,합계,연간 주행거리[천㎞],천㎞,4328886.9,4147577.1,4109328.1,3928521.7,3848720.3,3569722.6,3427552.4,3188265.4,3195155.6,
2941,오산시,전체,합계,연간 주행거리[천㎞],천㎞,1495311.9,1427867.5,1414587.0,1332408.5,1273631.6,1176676.4,1170692.6,1092997.2,1077628.9,
2971,시흥시,전체,합계,연간 주행거리[천㎞],천㎞,3441544.5,3311736.4,3140105.0,2917756.8,2778848.9,2646481.4,2571941.3,2475402.5,2499556.2,
3001,군포시,전체,합계,연간 주행거리[천㎞],천㎞,1463810.1,1464012.8,1461637.4,1473378.1,1449407.7,1381976.4,1385229.7,1371329.7,1375375.8,
3031,의왕시,전체,합계,연간 주행거리[천㎞],천㎞,914973.1,888855.1,850811.7,852901.2,851558.4,815581.0,808376.1,770992.7,796696.8,
3061,하남시,전체,합계,연간 주행거리[천㎞],천㎞,1686469.7,1566674.8,1452768.4,1315055.6,1127590.2,982432.3,873739.2,825094.7,826845.7,
3091,용인시,전체,합계,연간 주행거리[천㎞],천㎞,6564603.9,6496598.9,6419877.1,6216486.9,6112306.9,5677418.6,5715687.7,5371470.3,5546017.5,
3121,파주시,전체,합계,연간 주행거리[천㎞],천㎞,3114433.0,3089178.8,3056973.6,2946090.8,2872640.5,2668124.4,2586384.2,2446008.0,2467119.2,
3151,이천시,전체,합계,연간 주행거리[천㎞],천㎞,1710101.8,1688526.2,1655425.5,1636822.6,1580101.7,1478437.3,1437694.8,1380782.8,1336051.0,
3181,안성시,전체,합계,연간 주행거리[천㎞],천㎞,1642898.9,1583094.4,1612022.2,1600422.3,1584301.8,1398747.0,1366020.8,1288685.7,1170858.5,
3211,김포시,전체,합계,연간 주행거리[천㎞],천㎞,3103065.0,3011754.9,2861834.0,2644064.1,2422181.9,2269245.4,2146078.1,1916024.2,1840930.9,
3241,화성시,전체,합계,연간 주행거리[천㎞],천㎞,6214828.8,5882444.4,5447518.5,4939618.1,4592167.8,4169478.9,3807254.5,3528680.8,3505116.2,
3271,광주시,전체,합계,연간 주행거리[천㎞],천㎞,3179031.8,3116264.8,2992717.9,2835262.8,2675143.3,2485970.7,2343028.0,2204920.0,2124140.5,
3301,양주시,전체,합계,연간 주행거리[천㎞],천㎞,1508081.9,1482088.4,1430215.1,1343428.4,1296715.8,1222664.8,1165246.8,1105071.5,1113611.0,
3331,포천시,전체,합계,연간 주행거리[천㎞],천㎞,1617280.7,1607431.1,1604016.9,1609344.9,1587157.1,1481617.4,1408676.7,1333637.8,1156073.9,
3361,여주시,전체,합계,연간 주행거리[천㎞],천㎞,1196662.9,1187880.4,1165776.4,1162430.8,1132023.2,1067413.5,1051734.0,994856.1,925459.3,
3391,연천군,전체,합계,연간 주행거리[천㎞],천㎞,571749.5,566080.4,552405.0,570795.3,554214.3,516399.3,501474.3,511325.5,479573.7,
3421,가평군,전체,합계,연간 주행거리[천㎞],천㎞,432482.4,423714.1,425888.6,406950.6,391248.5,375142.2,363711.9,354005.7,323035.6,
3451,양평군,전체,합계,연간 주행거리[천㎞],천㎞,890872.6,867803.7,860709.1,812951.3,784772.5,719767.4,694420.8,646945.1,591541.2,
3481,강원도,전체,합계,연간 주행거리[천㎞],천㎞,10713833.3,10619162.0,10500932.0,10203935.2,9928182.9,9473877.0,9268360.6,8927661.9,9116342.5,
3511,춘천시,전체,합계,연간 주행거리[천㎞],천㎞,1798736.9,1802186.0,1773155.3,1747562.2,1686784.2,1612895.5,1593981.3,1560732.8,1672995.6,
3541,원주시,전체,합계,연간 주행거리[천㎞],천㎞,2419484.7,2359142.9,2314114.9,2226260.5,2163101.4,2063413.9,2028010.7,1917887.9,1941677.0,
3571,강릉시,전체,합계,연간 주행거리[천㎞],천㎞,1474524.9,1471772.3,1455431.7,1428684.0,1403483.7,1342911.3,1330449.5,1302799.5,1351857.2,
3601,동해시,전체,합계,연간 주행거리[천㎞],천㎞,603402.5,606997.4,604335.4,592742.3,575072.0,553930.7,549310.6,529939.2,554251.3,
3631,태백시,전체,합계,연간 주행거리[천㎞],천㎞,300778.1,312555.2,312916.6,307442.4,305661.8,295671.3,298065.9,290577.6,316830.6,
3661,속초시,전체,합계,연간 주행거리[천㎞],천㎞,481488.3,480419.1,471433.2,458038.4,443144.8,438043.7,418045.3,419189.3,391196.9,
3691,삼척시,전체,합계,연간 주행거리[천㎞],천㎞,439130.0,434392.7,437031.9,421483.9,411191.6,396065.9,383565.5,379554.4,388217.7,
3721,홍천군,전체,합계,연간 주행거리[천㎞],천㎞,572416.2,574938.3,570880.9,550590.9,524719.7,509355.5,477105.6,456857.7,457368.5,
3751,횡성군,전체,합계,연간 주행거리[천㎞],천㎞,378755.4,368498.0,372406.1,351436.5,344112.4,322650.7,311305.3,285962.7,280820.1,
3781,영월군,전체,합계,연간 주행거리[천㎞],천㎞,296769.9,297210.6,293101.8,286157.3,273450.7,260428.2,251544.2,249310.9,234118.4,
3811,평창군,전체,합계,연간 주행거리[천㎞],천㎞,342953.0,340387.1,338199.1,325231.1,321461.6,301001.3,297422.7,277615.0,277675.2,
3841,정선군,전체,합계,연간 주행거리[천㎞],천㎞,281751.7,277844.3,278398.2,273155.3,269634.3,252942.8,242186.5,237781.5,239715.7,
3871,철원군,전체,합계,연간 주행거리[천㎞],천㎞,329879.0,321336.0,323198.9,311638.0,309603.6,283861.6,280325.4,256103.5,261003.5,
3901,화천군,전체,합계,연간 주행거리[천㎞],천㎞,179363.3,175024.8,171382.5,161392.8,159285.4,145509.0,137908.5,128286.5,133973.0,
3931,양구군,전체,합계,연간 주행거리[천㎞],천㎞,156281.0,157826.6,154222.5,151239.2,144639.7,137384.6,128747.3,122259.9,121128.3,
3961,인제군,전체,합계,연간 주행거리[천㎞],천㎞,257741.1,245184.6,246092.6,240453.5,228301.1,212480.4,208418.2,193566.2,190197.7,
3991,고성군,전체,합계,연간 주행거리[천㎞],천㎞,195891.7,194253.9,192600.0,183715.3,179957.7,166556.3,162866.9,154577.7,150851.2,
4021,양양군,전체,합계,연간 주행거리[천㎞],천㎞,204485.9,199192.1,192030.2,186711.7,184577.1,178774.3,169101.0,164659.5,152464.7,
4051,충청북도,전체,합계,연간 주행거리[천㎞],천㎞,11864122.6,11827666.0,11505089.3,11273578.3,10859968.6,10402029.5,10079004.4,9673981.3,9762379.4,
4081,청주시,전체,합계,연간 주행거리[천㎞],천㎞,5842993.6,5832645.3,5728547.7,5595750.5,5436880.4,5223199.4,5138252.0,3754772.5,4019288.1,
4111,충주시,전체,합계,연간 주행거리[천㎞],천㎞,1581395.8,1563409.6,1484474.6,1481366.7,1422703.9,1354822.8,1304014.8,1267389.5,1247860.9,
4141,제천시,전체,합계,연간 주행거리[천㎞],천㎞,980720.9,1003249.7,975184.0,974740.8,925441.4,889916.5,867724.6,868374.0,829594.7,
4171,청원군,전체,합계,연간 주행거리[천㎞],천㎞,,,,,,,,1126228.0,1177002.6,
4201,보은군,전체,합계,연간 주행거리[천㎞],천㎞,267557.2,272402.4,272853.8,270824.7,260506.2,256357.2,246761.4,236387.5,225848.6,
4231,옥천군,전체,합계,연간 주행거리[천㎞],천㎞,425243.3,403944.4,390828.7,390816.8,371751.5,357695.1,341184.4,338300.5,310457.0,
4261,영동군,전체,합계,연간 주행거리[천㎞],천㎞,336304.9,344790.1,340591.3,329546.9,316165.0,315109.8,303813.8,295265.2,268296.6,
4291,증평군,전체,합계,연간 주행거리[천㎞],천㎞,291805.8,293329.2,285964.3,278204.4,262778.7,250684.5,226801.9,221769.8,210951.4,
4321,진천군,전체,합계,연간 주행거리[천㎞],천㎞,705492.9,686103.7,621898.8,577170.2,537699.1,502899.1,457144.2,440207.0,411528.9,
4351,괴산군,전체,합계,연간 주행거리[천㎞],천㎞,320571.3,317809.5,308591.5,301392.8,284695.1,272405.4,262531.4,243923.7,237387.1,
4381,음성군,전체,합계,연간 주행거리[천㎞],천㎞,873170.2,858643.4,851277.6,827154.4,806192.8,746650.4,716836.5,670775.2,635531.4,
4411,단양군,전체,합계,연간 주행거리[천㎞],천㎞,238866.7,251338.8,244877.1,246610.1,235154.3,232289.2,213939.3,210588.2,188631.9,
4441,충청남도,전체,합계,연간 주행거리[천㎞],천㎞,15886258.8,15798277.8,15519651.3,15152928.4,14549769.5,13903263.0,13492523.3,12821679.5,13564177.1,
4471,천안시,전체,합계,연간 주행거리[천㎞],천㎞,4365043.1,4264173.1,4219966.8,4063732.6,3927000.3,3721846.4,3653551.3,3424912.3,3779816.4,
4501,공주시,전체,합계,연간 주행거리[천㎞],천㎞,814460.2,813733.1,822747.9,811246.8,796765.6,764254.7,751554.5,744415.5,769626.7,
4531,보령시,전체,합계,연간 주행거리[천㎞],천㎞,718807.4,733591.6,699697.5,703119.8,683558.5,667871.6,633083.2,625460.3,579751.4,
4561,아산시,전체,합계,연간 주행거리[천㎞],천㎞,2400548.0,2371166.2,2306116.8,2211271.4,2138394.9,1985880.5,1918640.3,1771514.7,1792118.0,
4591,서산시,전체,합계,연간 주행거리[천㎞],천㎞,1403096.5,1395250.2,1342221.3,1295766.3,1247810.2,1181713.3,1143558.2,1082388.0,972774.9,
4621,논산시,전체,합계,연간 주행거리[천㎞],천㎞,939978.7,950487.5,934370.8,937628.9,907164.6,885617.6,853674.0,823971.1,766922.0,
4651,계룡시,전체,합계,연간 주행거리[천㎞],천㎞,328926.7,336665.6,332252.1,328590.5,307578.6,290585.5,268307.4,267137.7,247891.9,
4681,당진시,전체,합계,연간 주행거리[천㎞],천㎞,1430983.7,1404178.3,1376807.0,1314030.6,1207347.1,1187304.1,1163990.9,1088766.8,1045167.5,
4711,금산군,전체,합계,연간 주행거리[천㎞],천㎞,462179.2,471109.4,469384.8,489797.4,483355.2,449939.8,421075.9,402412.0,387200.8,
4741,연기군,전체,합계,연간 주행거리[천㎞],천㎞,,,,,,,,,748293.7,
4771,부여군,전체,합계,연간 주행거리[천㎞],천㎞,517659.5,538290.3,535500.7,530954.8,506154.8,493614.2,489481.2,464782.0,431951.1,
4801,서천군,전체,합계,연간 주행거리[천㎞],천㎞,395407.3,402008.4,393578.0,406631.5,393600.1,381436.7,381437.6,367195.4,347583.5,
4831,청양군,전체,합계,연간 주행거리[천㎞],천㎞,276912.1,271211.8,264417.7,262453.7,251689.7,246739.2,235291.9,226368.5,212029.5,
4861,홍성군,전체,합계,연간 주행거리[천㎞],천㎞,758091.7,749098.7,738699.1,723150.3,666106.3,627569.5,589397.8,554093.0,557604.1,
4891,예산군,전체,합계,연간 주행거리[천㎞],천㎞,631943.0,647364.8,639858.9,637614.3,613021.1,609806.4,598532.0,596136.9,569779.7,
4921,태안군,전체,합계,연간 주행거리[천㎞],천㎞,442221.6,449948.8,444031.9,436939.6,420222.6,409083.3,390947.1,382125.1,355666.0,
4951,전라북도,전체,합계,연간 주행거리[천㎞],천㎞,13263208.2,12997652.1,13148536.7,12865672.2,12450128.1,12089953.8,11818717.1,11371831.0,11667342.4,
4981,전주시,전체,합계,연간 주행거리[천㎞],천㎞,4333911.8,4298515.9,4308892.0,4218030.9,4068727.2,3980934.0,3886356.6,3729876.4,4139405.3,
5011,군산시,전체,합계,연간 주행거리[천㎞],천㎞,1884815.9,1898145.2,1964995.8,1921249.6,1885838.9,1785220.3,1734252.7,1656327.1,1690359.2,
5041,익산시,전체,합계,연간 주행거리[천㎞],천㎞,2230538.3,1992145.1,2060855.6,2030799.4,1963784.3,1918125.1,1890395.1,1789348.9,1771247.2,
5071,정읍시,전체,합계,연간 주행거리[천㎞],천㎞,821227.5,819285.9,801866.4,785008.2,759094.9,724230.5,724744.5,681759.6,705111.9,
5101,남원시,전체,합계,연간 주행거리[천㎞],천㎞,687128.9,674749.9,656375.3,599672.0,592887.0,588515.6,601597.2,684660.7,537081.2,
5131,김제시,전체,합계,연간 주행거리[천㎞],천㎞,675039.7,682053.9,682083.8,672959.7,646926.4,648038.1,634463.0,619679.0,602551.0,
5161,완주군,전체,합계,연간 주행거리[천㎞],천㎞,856947.7,849562.6,886660.5,877645.3,842224.7,805783.1,767185.2,699015.0,761924.5,
5191,진안군,전체,합계,연간 주행거리[천㎞],천㎞,206318.7,207614.7,200306.3,193722.4,188663.7,184859.4,179617.3,164254.9,165563.6,
5221,무주군,전체,합계,연간 주행거리[천㎞],천㎞,191027.9,188457.5,192285.3,190314.6,176821.5,174936.1,166782.8,162125.2,159404.9,
5251,장수군,전체,합계,연간 주행거리[천㎞],천㎞,175056.1,175348.7,174337.2,170528.3,163903.5,148868.3,148871.2,136606.2,134248.0,
5281,임실군,전체,합계,연간 주행거리[천㎞],천㎞,216422.0,226389.3,222499.7,222458.1,203294.9,208559.5,190313.3,183145.3,177891.7,
5311,순창군,전체,합계,연간 주행거리[천㎞],천㎞,202285.9,199687.4,204872.4,196332.8,194447.1,186911.4,181732.2,172816.7,164808.5,
5341,고창군,전체,합계,연간 주행거리[천㎞],천㎞,407484.0,403100.2,405401.1,403004.2,388836.9,369191.5,352605.1,341506.2,331364.1,
5371,부안군,전체,합계,연간 주행거리[천㎞],천㎞,375003.8,382595.9,387105.4,383946.5,374677.0,365780.9,359800.8,350709.6,326381.3,
5401,전라남도,전체,합계,연간 주행거리[천㎞],천㎞,15875102.6,15606917.3,15564657.4,15157951.9,14422785.0,13746851.2,12857558.5,11954957.5,11799025.4,
5431,목포시,전체,합계,연간 주행거리[천㎞],천㎞,1338054.5,1343735.1,1356293.9,1361509.1,1367937.8,1367646.0,1293442.7,1233379.6,1293396.4,
5461,여수시,전체,합계,연간 주행거리[천㎞],천㎞,1885522.1,1887473.3,1872489.8,1876332.4,1862233.8,1908394.4,1816069.9,1693169.4,1682573.7,
5491,순천시,전체,합계,연간 주행거리[천㎞],천㎞,1999901.3,1946268.2,1951781.6,1935880.5,1890793.7,1889119.6,1804215.7,1694053.9,1654518.3,
5521,나주시,전체,합계,연간 주행거리[천㎞],천㎞,973017.8,976521.3,939664.1,890832.1,840329.1,824244.0,774554.0,681112.1,673926.8,
5551,광양시,전체,합계,연간 주행거리[천㎞],천㎞,1248533.2,1218325.0,1214903.9,1229384.6,1197084.6,1227941.5,1169313.0,1102345.1,1003772.3,
5581,담양군,전체,합계,연간 주행거리[천㎞],천㎞,424486.4,407489.8,427385.8,422293.2,425389.5,439091.1,424170.5,383540.9,388735.3,
5611,곡성군,전체,합계,연간 주행거리[천㎞],천㎞,228529.5,234180.9,232927.1,237846.0,234705.4,231418.1,219940.9,205688.4,191591.2,
5641,구례군,전체,합계,연간 주행거리[천㎞],천㎞,189834.6,193725.3,195329.8,199715.1,193902.0,189735.3,183428.9,171982.9,169450.3,
5671,고흥군,전체,합계,연간 주행거리[천㎞],천㎞,439477.8,423393.7,426648.1,418329.0,414943.9,417411.5,406346.8,382517.6,367166.5,
5701,보성군,전체,합계,연간 주행거리[천㎞],천㎞,1503050.3,1891292.4,2062517.0,1462295.2,529513.9,321037.2,295157.9,284081.2,270223.4,
5731,화순군,전체,합계,연간 주행거리[천㎞],천㎞,587103.7,606822.5,614194.2,604073.4,606701.3,642750.6,616388.2,523711.5,509524.0,
5761,장흥군,전체,합계,연간 주행거리[천㎞],천㎞,285777.7,281571.9,281749.9,284231.5,271359.2,279665.4,268580.6,256057.2,249469.3,
5791,강진군,전체,합계,연간 주행거리[천㎞],천㎞,302183.1,295322.8,297841.3,303700.0,297545.3,304586.6,292673.2,282296.6,272043.8,
5821,해남군,전체,합계,연간 주행거리[천㎞],천㎞,540598.1,527373.4,527287.4,521808.1,513577.5,513424.2,494742.2,469575.7,468038.2,
5851,영암군,전체,합계,연간 주행거리[천㎞],천㎞,830149.2,950871.9,767678.7,1054550.8,1484902.3,898478.6,584690.4,501306.6,505233.8,
5881,무안군,전체,합계,연간 주행거리[천㎞],천㎞,611613.2,603752.2,583274.2,582901.5,567601.4,553337.7,528986.3,491194.7,490684.1,
5911,함평군,전체,합계,연간 주행거리[천㎞],천㎞,552713.5,264073.7,253731.9,248650.4,241829.0,242922.1,249114.3,235393.7,228406.6,
5941,영광군,전체,합계,연간 주행거리[천㎞],천㎞,389544.9,386114.5,379390.7,375435.8,365195.3,367722.4,354797.6,335358.0,330657.9,
5971,장성군,전체,합계,연간 주행거리[천㎞],천㎞,407110.6,397806.3,389842.4,389730.0,376526.5,383762.8,367391.2,354734.9,362740.4,
6001,완도군,전체,합계,연간 주행거리[천㎞],천㎞,325273.8,304359.1,320288.5,300021.8,299213.5,299197.8,290209.1,271092.5,279676.8,
6031,진도군,전체,합계,연간 주행거리[천㎞],천㎞,214101.4,202490.9,211655.6,201670.7,198654.4,195609.1,190562.9,183483.9,181172.1,
6061,신안군,전체,합계,연간 주행거리[천㎞],천㎞,598525.9,263953.2,257781.4,256760.4,242845.5,249355.3,232782.4,218881.2,226024.3,
6091,경상북도,전체,합계,연간 주행거리[천㎞],천㎞,20143646.5,19934965.2,19751462.8,19389139.3,18991684.2,18034052.6,17537060.0,16832125.4,16922145.1,
6121,포항시,전체,합계,연간 주행거리[천㎞],천㎞,3577179.2,4017159.9,3614932.6,3571615.3,3518325.7,3352054.0,3251791.5,3212705.7,3480908.5,
6151,경주시,전체,합계,연간 주행거리[천㎞],천㎞,1948437.0,1939219.4,1956719.0,1935867.8,1898105.9,1779114.7,1741053.2,1663633.9,1691886.5,
6181,김천시,전체,합계,연간 주행거리[천㎞],천㎞,1007173.5,991166.9,998382.0,977230.6,945448.1,902009.8,857786.0,806208.2,749729.8,
6211,안동시,전체,합계,연간 주행거리[천㎞],천㎞,1174520.6,1136849.2,1167419.6,1157238.0,1138964.1,1095366.1,1075533.7,1038445.3,1046711.8,
6241,구미시,전체,합계,연간 주행거리[천㎞],천㎞,2888996.8,2856014.5,2930454.3,2847270.7,2810993.3,2665868.6,2643634.2,2537903.6,2466069.2,
6271,영주시,전체,합계,연간 주행거리[천㎞],천㎞,712937.0,730048.6,737388.4,743471.8,724029.2,705436.3,698578.2,678682.7,663659.7,
6301,영천시,전체,합계,연간 주행거리[천㎞],천㎞,881471.9,859897.8,875182.1,850314.5,841736.9,787018.1,757063.3,732710.1,754416.3,
6331,상주시,전체,합계,연간 주행거리[천㎞],천㎞,766403.9,754878.5,770144.8,761717.4,742919.1,699943.6,679479.6,652773.8,642006.1,
6361,문경시,전체,합계,연간 주행거리[천㎞],천㎞,488735.5,489231.4,484406.0,490952.9,474897.4,452088.6,438179.3,427531.1,413473.6,
6391,경산시,전체,합계,연간 주행거리[천㎞],천㎞,1892379.4,1880798.2,1872537.0,1848726.8,1791525.8,1712450.5,1633371.0,1539233.9,1577275.2,
6421,군위군,전체,합계,연간 주행거리[천㎞],천㎞,216253.6,214430.6,210581.3,212408.3,200119.3,195050.8,181244.7,170601.7,170104.9,
6451,의성군,전체,합계,연간 주행거리[천㎞],천㎞,441516.0,424782.6,431591.1,422810.3,415232.9,400056.6,389213.1,374360.0,357240.0,
6481,청송군,전체,합계,연간 주행거리[천㎞],천㎞,207022.6,207997.8,205195.5,200263.4,193118.4,188105.2,184880.5,174939.5,167503.2,
6511,영양군,전체,합계,연간 주행거리[천㎞],천㎞,123750.3,121778.3,124000.8,121892.7,115085.2,114829.3,106598.6,105247.3,98257.2,
6541,영덕군,전체,합계,연간 주행거리[천㎞],천㎞,251574.7,244872.1,257377.9,246900.8,249565.1,231105.2,233208.3,220604.4,214494.2,
6571,청도군,전체,합계,연간 주행거리[천㎞],천㎞,334486.5,326994.8,332408.3,320013.2,311246.6,297499.4,286239.0,273841.8,272031.1,
6601,고령군,전체,합계,연간 주행거리[천㎞],천㎞,299322.2,291524.4,304064.0,301890.0,294718.1,284357.7,279511.5,259297.2,262829.3,
6631,성주군,전체,합계,연간 주행거리[천㎞],천㎞,897110.9,436903.6,448779.6,434472.8,433749.3,404708.0,391406.4,369085.6,354386.2,
6661,칠곡군,전체,합계,연간 주행거리[천㎞],천㎞,996261.0,1000667.3,1018519.6,1008162.3,980173.5,912118.0,879459.9,807981.3,792599.3,
6691,예천군,전체,합계,연간 주행거리[천㎞],천㎞,412743.3,387831.0,369250.6,318642.2,301572.4,281561.9,271194.9,258631.2,242653.3,
6721,봉화군,전체,합계,연간 주행거리[천㎞],천㎞,238671.9,236370.5,236740.9,228061.9,226775.8,213272.4,206319.1,195976.5,186576.8,
6751,울진군,전체,합계,연간 주행거리[천㎞],천㎞,340549.5,334987.8,352740.2,339862.0,338602.5,314033.9,309096.3,290047.8,272292.9,
6781,울릉군,전체,합계,연간 주행거리[천㎞],천㎞,46148.9,50560.1,52647.2,49353.5,44779.6,46004.0,42217.4,41682.8,45040.0,
6811,경상남도,전체,합계,연간 주행거리[천㎞],천㎞,24471061.2,23804891.8,23988205.7,23861486.2,23362812.2,22575592.4,22178240.7,21768549.9,22581629.4,
6841,창원시,전체,합계,연간 주행거리[천㎞],천㎞,7474876.3,7633544.4,7750728.2,7635089.0,7247236.5,7120715.0,7155996.4,7390994.8,7892479.4,
6871,진주시,전체,합계,연간 주행거리[천㎞],천㎞,2482932.2,2404880.7,2407440.9,2432340.7,2376702.2,2301622.4,2224102.0,2147989.7,2253803.6,
6901,통영시,전체,합계,연간 주행거리[천㎞],천㎞,711150.3,705664.2,708737.0,705035.4,713631.4,720479.0,679945.2,663987.2,629327.7,
6931,사천시,전체,합계,연간 주행거리[천㎞],천㎞,780908.1,760144.8,766074.0,777009.6,765205.6,752397.5,751333.8,738881.4,701420.9,
6961,김해시,전체,합계,연간 주행거리[천㎞],천㎞,3917286.8,3689636.6,3727040.3,3685486.9,3683340.3,3548921.4,3547275.2,3410954.1,3770955.8,
6991,밀양시,전체,합계,연간 주행거리[천㎞],천㎞,952553.5,869282.6,893750.1,914539.7,928925.8,904686.4,890455.1,849463.1,847402.7,
7021,거제시,전체,합계,연간 주행거리[천㎞],천㎞,1371616.9,1382379.8,1378911.1,1378660.8,1341220.3,1322314.7,1235701.9,1197249.3,1213402.5,
7051,양산시,전체,합계,연간 주행거리[천㎞],천㎞,2788029.5,2544572.6,2522951.1,2403398.5,2295729.1,2160784.7,2065185.6,1912833.5,1968141.8,
7081,의령군,전체,합계,연간 주행거리[천㎞],천㎞,226461.3,214623.2,216018.6,224821.0,220348.8,224353.5,223395.6,217844.4,211576.0,
7111,함안군,전체,합계,연간 주행거리[천㎞],천㎞,949724.0,833042.0,811617.1,890262.5,978535.5,798724.9,688732.1,641032.6,564318.5,
7141,창녕군,전체,합계,연간 주행거리[천㎞],천㎞,488144.4,481021.8,492265.8,489106.9,476920.4,464679.9,442324.0,438411.6,425428.2,
7171,고성군,전체,합계,연간 주행거리[천㎞],천㎞,369118.1,370222.7,379903.1,377383.4,377754.9,366916.3,363250.6,349077.7,335823.6,
7201,남해군,전체,합계,연간 주행거리[천㎞],천㎞,276377.3,271802.1,268380.7,269994.9,271690.4,260106.6,264167.3,257175.3,248277.2,
7231,하동군,전체,합계,연간 주행거리[천㎞],천㎞,330764.9,334505.9,343309.9,345885.2,337610.9,334725.2,323900.6,317415.4,304410.7,
7261,산청군,전체,합계,연간 주행거리[천㎞],천㎞,315375.3,299834.0,305048.6,301198.3,296408.7,292244.3,283980.0,273526.2,267666.1,
7291,함양군,전체,합계,연간 주행거리[천㎞],천㎞,266758.3,262795.2,267027.5,268421.5,297567.2,267381.1,320976.7,265018.7,228295.0,
7321,거창군,전체,합계,연간 주행거리[천㎞],천㎞,438070.3,427859.3,423300.2,424053.4,416018.3,396815.2,387909.3,371822.0,399445.1,
7351,합천군,전체,합계,연간 주행거리[천㎞],천㎞,330913.6,319079.8,325701.4,338798.5,337965.8,337724.3,329609.4,324872.9,319454.6,
7381,제주특별자치도,전체,합계,연간 주행거리[천㎞],천㎞,9536870.7,9069125.7,8532534.4,7713095.5,7276853.5,6508808.6,5669429.0,4632025.8,4109468.5,
7411,제주시,전체,합계,연간 주행거리[천㎞],천㎞,8295902.7,7844223.8,7277920.6,6486599.7,6120209.6,5288713.1,4523528.5,3533680.3,3084569.7,
7441,서귀포시,전체,합계,연간 주행거리[천㎞],천㎞,1240968.0,1224901.9,1254613.7,1226495.8,1156643.9,1220095.5,1145900.5,1098345.4,1024898.8,
