,소재지(시군구)별,녹지별,항목,단위,2005 년,2006 년,2007 년,2008 년,2009 년,2010 년,2011 년,2012 년,2013 년,2014 년,2015 년,2016 년,2017 년,2018 년,2019 년,2020 년,Unnamed: 20
0,전국,계,시설수[개],개,6609.0,7704.0,33375.0,11095.0,13665.0,16002.0,17541.0,17844.0,18211.0,18871.0,20387.0,20748.0,21172.0,22070.0,22585.0,22452.0,
1,전국,계,면적[㎡],㎡,112253832.0,118990910.0,125808653.0,137211727.0,152979267.0,170556517.0,181873542.0,184555378.0,190924626.0,193698697.0,225286140.0,224053325.0,236515252.0,221763854.0,223209482.0,204194439.0,
8,서울특별시,계,시설수[개],개,495.0,497.0,24776.0,744.0,838.0,970.0,953.0,1006.0,1009.0,1009.0,1028.0,1039.0,1040.0,1023.0,1017.0,992.0,
9,서울특별시,계,면적[㎡],㎡,6899988.0,7204447.0,5058327.0,4902394.0,5083441.0,5991231.0,5413148.0,5509077.0,5522274.0,5264095.0,4981877.0,5013617.0,5041145.0,5034732.0,5028167.0,4791053.0,
16,종로구,계,시설수[개],개,15.0,14.0,21.0,23.0,25.0,35.0,36.0,36.0,36.0,32.0,32.0,32.0,32.0,32.0,32.0,30.0,
17,종로구,계,면적[㎡],㎡,45000.0,44443.0,54000.0,87790.0,91239.0,104677.0,104981.0,104981.0,104981.0,76901.0,76901.0,76901.0,76901.0,76901.0,76901.0,64145.0,
24,중구,계,시설수[개],개,25.0,25.0,29.0,28.0,26.0,26.0,26.0,26.0,26.0,26.0,26.0,26.0,26.0,26.0,26.0,25.0,
25,중구,계,면적[㎡],㎡,46060.0,46060.0,52000.0,54290.0,47885.0,47885.0,47885.0,47885.0,47885.0,47885.0,47885.0,47885.0,47885.0,47885.0,47885.0,32251.0,
32,용산구,계,시설수[개],개,8.0,8.0,20.0,20.0,26.0,26.0,28.0,27.0,27.0,27.0,27.0,27.0,27.0,27.0,27.0,26.0,
33,용산구,계,면적[㎡],㎡,33872.0,33872.0,47359.0,47376.0,80101.0,80070.0,82242.0,81454.0,81454.0,81454.0,84721.0,84721.0,84721.0,78174.0,76452.0,74456.0,
40,성동구,계,시설수[개],개,16.0,16.0,23.0,27.0,26.0,27.0,23.0,23.0,23.0,14.0,14.0,14.0,14.0,14.0,14.0,14.0,
41,성동구,계,면적[㎡],㎡,256000.0,256000.0,274000.0,291604.0,277509.0,284325.0,283650.0,283650.0,283653.0,35588.0,35588.0,35588.0,35588.0,35588.0,35588.0,35588.0,
48,광진구,계,시설수[개],개,8.0,8.0,8.0,6.0,6.0,7.0,7.0,7.0,7.0,7.0,7.0,7.0,7.0,7.0,3.0,3.0,
49,광진구,계,면적[㎡],㎡,343000.0,343000.0,330000.0,19045.0,19045.0,20865.0,20865.0,20865.0,20865.0,20865.0,20865.0,20865.0,20865.0,20865.0,18807.0,18807.0,
56,동대문구,계,시설수[개],개,6.0,11.0,24013.0,39.0,40.0,40.0,40.0,40.0,40.0,40.0,40.0,40.0,40.0,40.0,40.0,34.0,
57,동대문구,계,면적[㎡],㎡,9485.0,17386.0,35000.0,69126.0,70547.0,70564.0,70581.0,70581.0,70581.0,72802.0,72802.0,72802.0,72802.0,72802.0,72802.0,53843.0,
64,중랑구,계,시설수[개],개,23.0,23.0,25.0,28.0,42.0,41.0,49.0,49.0,49.0,49.0,49.0,49.0,49.0,49.0,49.0,49.0,
65,중랑구,계,면적[㎡],㎡,66328.0,66328.0,70145.0,120397.0,166723.0,173751.0,187308.0,187309.0,187309.0,187309.0,187309.0,187309.0,187309.0,187309.0,187309.0,187309.0,
72,성북구,계,시설수[개],개,21.0,21.0,35.0,15.0,17.0,16.0,16.0,16.0,16.0,16.0,16.0,16.0,16.0,16.0,16.0,12.0,
73,성북구,계,면적[㎡],㎡,183000.0,183000.0,66000.0,73676.0,75999.0,73865.0,73865.0,73865.0,73865.0,73865.0,73865.0,73865.0,73865.0,73865.0,73865.0,22879.0,
80,강북구,계,시설수[개],개,5.0,5.0,8.0,9.0,9.0,8.0,8.0,8.0,8.0,8.0,8.0,8.0,8.0,8.0,7.0,7.0,
81,강북구,계,면적[㎡],㎡,23000.0,20934.0,23884.0,24200.0,24200.0,23904.0,23904.0,23904.0,23904.0,23904.0,23904.0,23904.0,23904.0,23904.0,20496.0,20496.0,
88,도봉구,계,시설수[개],개,9.0,9.0,9.0,11.0,11.0,11.0,11.0,11.0,11.0,11.0,11.0,11.0,11.0,11.0,11.0,11.0,
89,도봉구,계,면적[㎡],㎡,27755.0,27755.0,28122.0,29280.0,29280.0,29280.0,29280.0,29280.0,29280.0,29280.0,29280.0,29280.0,29280.0,29280.0,29280.0,29280.0,
96,노원구,계,시설수[개],개,56.0,56.0,72.0,54.0,74.0,73.0,73.0,73.0,74.0,74.0,74.0,74.0,74.0,74.0,74.0,78.0,
97,노원구,계,면적[㎡],㎡,2176046.0,2227704.0,304000.0,270458.0,307116.0,306004.0,306004.0,306004.0,309197.0,309194.0,313489.0,316464.0,316464.0,318643.0,318643.0,380007.0,
104,은평구,계,시설수[개],개,16.0,16.0,21.0,40.0,40.0,40.0,40.0,40.0,42.0,43.0,43.0,40.0,40.0,38.0,38.0,38.0,
105,은평구,계,면적[㎡],㎡,63161.0,63161.0,63000.0,99711.0,99711.0,99711.0,99711.0,99711.0,113402.0,115644.0,115644.0,105854.0,105854.0,106724.0,106724.0,106724.0,
112,서대문구,계,시설수[개],개,27.0,27.0,27.0,58.0,58.0,60.0,65.0,68.0,67.0,65.0,65.0,65.0,65.0,65.0,65.0,57.0,
113,서대문구,계,면적[㎡],㎡,377000.0,377000.0,420000.0,466632.0,466632.0,474260.0,478642.0,484351.0,479864.0,475841.0,475841.0,475841.0,475841.0,475841.0,475841.0,442285.0,
120,마포구,계,시설수[개],개,65.0,65.0,86.0,74.0,75.0,75.0,78.0,81.0,81.0,81.0,80.0,80.0,80.0,80.0,80.0,74.0,
121,마포구,계,면적[㎡],㎡,479000.0,479000.0,517000.0,671888.0,672644.0,672644.0,677951.0,679691.0,679691.0,679691.0,319655.0,319655.0,319655.0,319655.0,320959.0,160777.0,
128,양천구,계,시설수[개],개,48.0,48.0,48.0,43.0,43.0,51.0,51.0,57.0,57.0,56.0,53.0,53.0,52.0,52.0,52.0,52.0,
129,양천구,계,면적[㎡],㎡,776000.0,776000.0,225000.0,212606.0,212606.0,227567.0,227567.0,237492.0,237492.0,236356.0,242674.0,242674.0,238469.0,238469.0,238469.0,238469.0,
136,강서구,계,시설수[개],개,34.0,34.0,106.0,93.0,93.0,92.0,94.0,121.0,123.0,125.0,125.0,125.0,125.0,125.0,125.0,123.0,
137,강서구,계,면적[㎡],㎡,164000.0,164000.0,421000.0,343613.0,343613.0,340352.0,299794.0,292746.0,294615.0,292926.0,292926.0,292926.0,293799.0,293799.0,293799.0,293516.0,
144,구로구,계,시설수[개],개,8.0,8.0,16.0,17.0,17.0,33.0,33.0,35.0,35.0,37.0,37.0,37.0,34.0,34.0,34.0,35.0,
145,구로구,계,면적[㎡],㎡,95000.0,95000.0,61037.0,108867.0,108867.0,153692.0,153692.0,163557.0,163557.0,160627.0,160627.0,160627.0,155003.0,154703.0,154703.0,150588.0,
152,금천구,계,시설수[개],개,5.0,5.0,7.0,5.0,5.0,6.0,7.0,7.0,7.0,8.0,8.0,8.0,6.0,6.0,6.0,6.0,
153,금천구,계,면적[㎡],㎡,42000.0,42000.0,51000.0,42209.0,42209.0,43809.0,32937.0,32937.0,32937.0,34851.0,34851.0,34681.0,32341.0,32341.0,32341.0,32341.0,
160,영등포구,계,시설수[개],개,5.0,5.0,47.0,6.0,47.0,46.0,46.0,46.0,46.0,49.0,41.0,41.0,41.0,23.0,23.0,23.0,
161,영등포구,계,면적[㎡],㎡,25677.0,25677.0,82068.0,21855.0,68027.0,64188.0,63389.0,63389.0,63389.0,65399.0,60377.0,60380.0,60380.0,42905.0,42905.0,42905.0,
168,동작구,계,시설수[개],개,12.0,12.0,15.0,10.0,12.0,12.0,12.0,12.0,12.0,19.0,19.0,19.0,20.0,21.0,20.0,20.0,
169,동작구,계,면적[㎡],㎡,89429.0,89429.0,95693.0,20109.0,24191.0,24191.0,24191.0,24191.0,24191.0,37589.0,37589.0,37589.0,37751.0,38051.0,37370.0,37370.0,
176,관악구,계,시설수[개],개,9.0,7.0,17.0,23.0,23.0,23.0,23.0,23.0,23.0,23.0,23.0,23.0,23.0,23.0,23.0,23.0,
177,관악구,계,면적[㎡],㎡,63000.0,2698.0,63000.0,65653.0,65653.0,65653.0,65653.0,65653.0,65653.0,65653.0,65653.0,65653.0,65653.0,65653.0,65653.0,65651.0,
184,서초구,계,시설수[개],개,13.0,13.0,19.0,19.0,23.0,23.0,23.0,23.0,23.0,23.0,66.0,66.0,66.0,67.0,67.0,67.0,
185,서초구,계,면적[㎡],㎡,679000.0,679000.0,767000.0,766562.0,768733.0,768733.0,768733.0,768733.0,768733.0,768733.0,922978.0,922978.0,916036.0,928883.0,928883.0,928874.0,
192,강남구,계,시설수[개],개,33.0,33.0,33.0,25.0,25.0,119.0,62.0,62.0,62.0,62.0,62.0,62.0,62.0,63.0,63.0,63.0,
193,강남구,계,면적[㎡],㎡,649019.0,649019.0,649019.0,634766.0,634766.0,1440374.0,797721.0,797721.0,797721.0,797721.0,797721.0,797721.0,797721.0,799434.0,799434.0,799434.0,
200,송파구,계,시설수[개],개,23.0,23.0,43.0,43.0,43.0,43.0,65.0,71.0,70.0,70.0,61.0,75.0,81.0,81.0,81.0,81.0,
201,송파구,계,면적[㎡],㎡,154156.0,154156.0,273000.0,274667.0,274667.0,274667.0,366402.0,381453.0,380381.0,386343.0,331532.0,370254.0,415858.0,415858.0,415858.0,415858.0,
208,강동구,계,시설수[개],개,5.0,5.0,28.0,28.0,32.0,37.0,37.0,44.0,44.0,44.0,41.0,41.0,41.0,41.0,41.0,41.0,
209,강동구,계,면적[㎡],㎡,34000.0,341825.0,86000.0,86014.0,111478.0,126200.0,126200.0,187674.0,187674.0,187674.0,157200.0,157200.0,157200.0,157200.0,157200.0,157200.0,
216,부산광역시,계,시설수[개],개,215.0,304.0,366.0,543.0,622.0,669.0,683.0,683.0,693.0,708.0,881.0,943.0,960.0,958.0,980.0,958.0,
217,부산광역시,계,면적[㎡],㎡,6469571.0,6947327.0,6827743.0,8841509.0,9250388.0,9403995.0,9548408.0,9548408.0,9577086.0,9603482.0,11517117.0,10336182.0,10162362.0,9903671.0,9436838.0,6981200.0,
224,부산광역시,계,시설수[개],개,,,,,622.0,669.0,679.0,679.0,677.0,687.0,765.0,943.0,958.0,958.0,980.0,958.0,
225,부산광역시,계,면적[㎡],㎡,,,,,9250388.0,9403995.0,9518272.0,9518272.0,9524992.0,9523329.0,10182872.0,10336182.0,9928705.0,9903671.0,9436838.0,6981200.0,
232,서구,계,시설수[개],개,1.0,1.0,1.0,10.0,,,,,,,,,,,,,
233,서구,계,면적[㎡],㎡,211193.0,211193.0,211193.0,225145.0,,,,,,,,,,,,,
240,동구,계,시설수[개],개,1.0,2.0,2.0,6.0,,,,,,,,,,,,,
241,동구,계,면적[㎡],㎡,492260.0,499617.0,499204.0,506119.0,,,,,,,,,,,,,
248,영도구,계,시설수[개],개,15.0,15.0,18.0,18.0,,,,,,,,,2.0,,,,
249,영도구,계,면적[㎡],㎡,400544.0,393575.0,396719.0,396719.0,,,,,,,,,233657.0,,,,
256,부산진구,계,시설수[개],개,9.0,11.0,16.0,21.0,,,,,,,,,,,,,
257,부산진구,계,면적[㎡],㎡,697450.0,718520.0,732948.0,746959.0,,,,,,,,,,,,,
264,동래구,계,시설수[개],개,3.0,3.0,4.0,13.0,,,,,,,,,,,,,
265,동래구,계,면적[㎡],㎡,56623.0,56693.0,57267.0,67196.0,,,,,,,,,,,,,
272,남구,계,시설수[개],개,5.0,13.0,21.0,32.0,,,,,,,,,,,,,
273,남구,계,면적[㎡],㎡,122301.0,136681.0,151262.0,177984.0,,,,,,,,,,,,,
280,북구,계,시설수[개],개,31.0,31.0,31.0,34.0,,,,,,,,,,,,,
281,북구,계,면적[㎡],㎡,788410.0,788203.0,788310.0,760845.0,,,,,,,,,,,,,
288,해운대구,계,시설수[개],개,49.0,52.0,51.0,51.0,,,,,10.0,10.0,63.0,,,,,,
289,해운대구,계,면적[㎡],㎡,948883.0,959508.0,479374.0,479737.0,,,,,21434.0,21434.0,437148.0,,,,,,
296,사하구,계,시설수[개],개,22.0,22.0,22.0,23.0,,,,,,,26.0,,,,,,
297,사하구,계,면적[㎡],㎡,565428.0,565531.0,566060.0,573511.0,,,,,,,428736.0,,,,,,
304,금정구,계,시설수[개],개,3.0,3.0,6.0,6.0,,,,,,,16.0,,,,,,
305,금정구,계,면적[㎡],㎡,323329.0,323329.0,362206.0,362170.0,,,,,,,409642.0,,,,,,
312,강서구,계,시설수[개],개,34.0,64.0,83.0,141.0,,,4.0,4.0,6.0,6.0,6.0,,,,,,
313,강서구,계,면적[㎡],㎡,1380100.0,1651114.0,1708362.0,3080680.0,,,30136.0,30136.0,30660.0,30660.0,30660.0,,,,,,
320,연제구,계,시설수[개],개,2.0,4.0,4.0,4.0,,,,,,,,,,,,,
321,연제구,계,면적[㎡],㎡,2468.0,3003.0,3003.0,3003.0,,,,,,,,,,,,,
328,수영구,계,시설수[개],개,3.0,3.0,4.0,4.0,,,,,,,,,,,,,
329,수영구,계,면적[㎡],㎡,32024.0,32024.0,32244.0,32244.0,,,,,,,,,,,,,
336,사상구,계,시설수[개],개,20.0,22.0,28.0,28.0,,,,,,,,,,,,,
337,사상구,계,면적[㎡],㎡,47110.0,47828.0,55564.0,55564.0,,,,,,,,,,,,,
344,기장군,계,시설수[개],개,17.0,58.0,75.0,152.0,,,,,,5.0,5.0,,,,,,
345,기장군,계,면적[㎡],㎡,401448.0,560508.0,784027.0,1373633.0,,,,,,28059.0,28059.0,,,,,,
352,대구광역시,계,시설수[개],개,148.0,159.0,419.0,470.0,472.0,480.0,513.0,518.0,561.0,625.0,625.0,632.0,638.0,667.0,666.0,677.0,
353,대구광역시,계,면적[㎡],㎡,6851656.0,6688386.0,8042155.0,8477831.0,8287978.0,7984671.0,8009880.0,8195245.0,8801345.0,8217374.0,7931700.0,7260884.0,7068727.0,6875130.0,6932334.0,4692846.0,
360,중구,계,시설수[개],개,1.0,1.0,1.0,1.0,1.0,1.0,1.0,1.0,1.0,1.0,1.0,1.0,1.0,1.0,1.0,1.0,
361,중구,계,면적[㎡],㎡,10952.0,10952.0,10952.0,10952.0,10952.0,9418.0,9418.0,9418.0,9418.0,9418.0,9418.0,9418.0,9418.0,9418.0,9418.0,9418.0,
368,동구,계,시설수[개],개,9.0,8.0,126.0,177.0,178.0,183.0,181.0,181.0,181.0,181.0,178.0,176.0,180.0,197.0,196.0,197.0,
369,동구,계,면적[㎡],㎡,1305158.0,1132729.0,1813251.0,1231638.0,1226147.0,1233251.0,1189030.0,1189030.0,1189030.0,1189030.0,1185408.0,1182958.0,1208652.0,1089528.0,1055969.0,1040276.0,
376,서구,계,시설수[개],개,5.0,3.0,5.0,5.0,5.0,5.0,5.0,5.0,5.0,5.0,5.0,5.0,5.0,5.0,5.0,3.0,
377,서구,계,면적[㎡],㎡,636524.0,636524.0,666514.0,656330.0,655503.0,655503.0,655503.0,655503.0,655503.0,655503.0,430707.0,430707.0,434894.0,435620.0,435620.0,181246.0,
384,북구,계,시설수[개],개,42.0,42.0,42.0,45.0,45.0,44.0,63.0,63.0,68.0,129.0,156.0,163.0,159.0,165.0,163.0,163.0,
385,북구,계,면적[㎡],㎡,1727014.0,1727014.0,1727014.0,1735992.0,1714662.0,1424018.0,1497288.0,1493071.0,1504758.0,948605.0,1069398.0,1102443.0,1092359.0,1238239.0,1210457.0,577153.0,
392,수성구,계,시설수[개],개,13.0,26.0,26.0,28.0,28.0,28.0,28.0,33.0,33.0,32.0,32.0,32.0,34.0,33.0,33.0,54.0,
393,수성구,계,면적[㎡],㎡,107440.0,114260.0,114260.0,89047.0,88529.0,88425.0,88425.0,278071.0,279857.0,269008.0,269008.0,269008.0,270512.0,269795.0,268764.0,338019.0,
400,달서구,계,시설수[개],개,39.0,40.0,40.0,40.0,40.0,43.0,60.0,60.0,60.0,60.0,60.0,62.0,68.0,68.0,70.0,70.0,
401,달서구,계,면적[㎡],㎡,880471.0,882810.0,882810.0,862880.0,862880.0,819759.0,828258.0,828004.0,828004.0,815877.0,813901.0,816268.0,820477.0,821683.0,822434.0,751095.0,
408,달성군,계,시설수[개],개,39.0,39.0,179.0,174.0,175.0,176.0,175.0,175.0,213.0,217.0,193.0,193.0,191.0,198.0,198.0,189.0,
409,달성군,계,면적[㎡],㎡,2184097.0,2184097.0,2827354.0,3890992.0,3729305.0,3754297.0,3741958.0,3742148.0,4334775.0,4329933.0,4153860.0,3450082.0,3232415.0,3010847.0,3129672.0,1795639.0,
416,인천광역시,계,시설수[개],개,376.0,602.0,602.0,447.0,582.0,975.0,1793.0,1278.0,1149.0,1237.0,1304.0,1286.0,1271.0,1275.0,1277.0,1279.0,
417,인천광역시,계,면적[㎡],㎡,3932848.0,5601991.0,5601991.0,2638514.0,4969547.0,9357955.0,16211039.0,10933937.0,9526054.0,10238415.0,10600844.0,10784366.0,9466026.0,9756545.0,9752122.0,9991482.0,
424,인천광역시,계,시설수[개],개,,,,,,341.0,1150.0,,,,536.0,530.0,516.0,529.0,531.0,531.0,
425,인천광역시,계,면적[㎡],㎡,,,,,,4223422.0,10951106.0,,,,6197786.0,7331681.0,5970605.0,6260204.0,6258179.0,6258179.0,
432,중구,계,시설수[개],개,19.0,27.0,27.0,,34.0,34.0,34.0,172.0,174.0,174.0,12.0,8.0,8.0,8.0,6.0,6.0,
433,중구,계,면적[㎡],㎡,1248678.0,1254155.0,1254155.0,,1927866.0,1927866.0,1927866.0,3838371.0,3178900.0,3178900.0,733309.0,18673.0,18673.0,18673.0,14259.0,14259.0,
440,동구,계,시설수[개],개,4.0,4.0,4.0,3.0,10.0,17.0,17.0,17.0,17.0,19.0,,,,,,,
441,동구,계,면적[㎡],㎡,164415.0,164416.0,164416.0,171832.0,173768.0,186123.0,186123.0,186123.0,187366.0,191977.0,,,,,,,
448,남구,계,시설수[개],개,15.0,15.0,15.0,14.0,14.0,58.0,62.0,68.0,83.0,83.0,78.0,77.0,75.0,,,,
449,남구,계,면적[㎡],㎡,265653.0,265658.0,265658.0,275670.0,275670.0,427884.0,463108.0,512060.0,625485.0,622765.0,555139.0,552294.0,545949.0,,,,
456,미추홀구,계,시설수[개],개,,,,,,,,,,,,,,69.0,69.0,71.0,
457,미추홀구,계,면적[㎡],㎡,,,,,,,,,,,,,,526155.0,526155.0,528228.0,
464,연수구,계,시설수[개],개,31.0,201.0,201.0,119.0,122.0,122.0,122.0,95.0,98.0,103.0,18.0,18.0,18.0,19.0,19.0,19.0,
465,연수구,계,면적[㎡],㎡,615591.0,2200392.0,2200392.0,308865.0,513707.0,513707.0,513707.0,1025689.0,1065122.0,1305729.0,331502.0,331502.0,331425.0,339081.0,339081.0,339081.0,
472,남동구,계,시설수[개],개,105.0,150.0,150.0,165.0,165.0,165.0,165.0,165.0,210.0,210.0,210.0,212.0,212.0,211.0,210.0,208.0,
473,남동구,계,면적[㎡],㎡,389801.0,486541.0,486541.0,716446.0,716446.0,716446.0,716446.0,716446.0,785347.0,782752.0,723362.0,781467.0,781467.0,820734.0,813626.0,809963.0,
480,부평구,계,시설수[개],개,81.0,84.0,84.0,9.0,92.0,92.0,92.0,198.0,109.0,111.0,104.0,104.0,104.0,102.0,102.0,102.0,
481,부평구,계,면적[㎡],㎡,272845.0,255307.0,255307.0,288696.0,463412.0,463412.0,463412.0,736929.0,279905.0,281743.0,193749.0,193749.0,193749.0,192449.0,192449.0,194754.0,
488,계양구,계,시설수[개],개,28.0,28.0,28.0,28.0,36.0,37.0,41.0,44.0,37.0,37.0,53.0,55.0,56.0,57.0,58.0,58.0,
489,계양구,계,면적[㎡],㎡,69540.0,69910.0,69910.0,69902.0,91575.0,91992.0,104982.0,107582.0,78513.0,78513.0,134986.0,139948.0,189106.0,185480.0,193765.0,193765.0,
496,서구,계,시설수[개],개,91.0,91.0,91.0,107.0,107.0,107.0,108.0,514.0,416.0,466.0,258.0,247.0,247.0,245.0,247.0,249.0,
497,서구,계,면적[㎡],㎡,895416.0,894703.0,894703.0,796194.0,796194.0,796194.0,873380.0,3772474.0,3287153.0,3458923.0,1395181.0,1099222.0,1099222.0,1077939.0,1078778.0,1317423.0,
504,강화군,계,시설수[개],개,2.0,2.0,2.0,2.0,2.0,2.0,2.0,5.0,5.0,34.0,35.0,35.0,35.0,35.0,35.0,35.0,
505,강화군,계,면적[㎡],㎡,10909.0,10909.0,10909.0,10909.0,10909.0,10909.0,10909.0,38263.0,38263.0,337113.0,335830.0,335830.0,335830.0,335830.0,335830.0,335830.0,
512,광주광역시,계,시설수[개],개,119.0,119.0,119.0,250.0,265.0,265.0,265.0,87.0,93.0,93.0,95.0,94.0,95.0,96.0,96.0,100.0,
513,광주광역시,계,면적[㎡],㎡,1925109.0,1925109.0,1925109.0,3128256.0,3315261.0,3315261.0,3315261.0,3044671.0,3784609.0,3964630.0,3969891.0,3959483.0,3969901.0,3902033.0,3902033.0,4073493.0,
520,광주광역시,계,시설수[개],개,119.0,119.0,119.0,250.0,252.0,252.0,252.0,,,,,,,,,6.0,
521,광주광역시,계,면적[㎡],㎡,1925109.0,1925109.0,1925109.0,3128256.0,3288251.0,3288251.0,3288251.0,,,,,,,,,486448.0,
528,서구,계,시설수[개],개,,,,,,,,16.0,16.0,16.0,17.0,17.0,17.0,17.0,17.0,17.0,
529,서구,계,면적[㎡],㎡,,,,,,,,274863.0,276015.0,276015.0,278045.0,278045.0,278045.0,278045.0,278045.0,278045.0,
536,남구,계,시설수[개],개,,,,,,,,15.0,10.0,10.0,10.0,10.0,10.0,10.0,10.0,8.0,
537,남구,계,면적[㎡],㎡,,,,,,,,106804.0,140722.0,140390.0,140390.0,140390.0,140390.0,145150.0,145150.0,135957.0,
544,북구,계,시설수[개],개,,,,,,,,18.0,23.0,23.0,23.0,23.0,24.0,24.0,24.0,24.0,
545,북구,계,면적[㎡],㎡,,,,,,,,539581.0,642845.0,694090.0,694090.0,694090.0,704508.0,701150.0,701150.0,701150.0,
552,광산구,계,시설수[개],개,,,,,,,,29.0,30.0,30.0,30.0,30.0,30.0,32.0,32.0,32.0,
553,광산구,계,면적[㎡],㎡,,,,,,,,2089180.0,2663257.0,2792365.0,2792365.0,2792365.0,2792365.0,2724941.0,2724941.0,2419146.0,
560,동구,계,시설수[개],개,,,,,13.0,13.0,13.0,9.0,14.0,14.0,15.0,14.0,14.0,13.0,13.0,13.0,
561,동구,계,면적[㎡],㎡,,,,,27010.0,27010.0,27010.0,34243.0,61770.0,61770.0,65001.0,54593.0,54593.0,52747.0,52747.0,52747.0,
568,대전광역시,계,시설수[개],개,226.0,279.0,277.0,344.0,341.0,359.0,385.0,449.0,396.0,427.0,405.0,426.0,432.0,434.0,434.0,424.0,
569,대전광역시,계,면적[㎡],㎡,2518086.0,2665422.0,2636543.0,3045791.0,2911027.0,2935446.0,2931078.0,3010394.0,2824272.0,3010061.0,2944213.0,2917406.0,2911037.0,2833730.0,2933261.0,2735010.0,
576,동구,계,시설수[개],개,15.0,19.0,17.0,25.0,39.0,51.0,51.0,51.0,61.0,61.0,45.0,45.0,48.0,49.0,48.0,41.0,
577,동구,계,면적[㎡],㎡,177467.0,188724.0,159845.0,360629.0,418819.0,434960.0,434960.0,434960.0,483591.0,483591.0,453779.0,445934.0,444154.0,434138.0,430673.0,366995.0,
584,중구,계,시설수[개],개,11.0,12.0,12.0,17.0,22.0,25.0,27.0,27.0,25.0,23.0,23.0,22.0,22.0,22.0,22.0,18.0,
585,중구,계,면적[㎡],㎡,200638.0,203054.0,203054.0,214979.0,231455.0,235996.0,237585.0,237585.0,229351.0,227509.0,227737.0,226468.0,226720.0,222464.0,222829.0,73661.0,
592,서구,계,시설수[개],개,18.0,18.0,18.0,52.0,51.0,51.0,48.0,48.0,49.0,49.0,50.0,65.0,65.0,65.0,65.0,65.0,
593,서구,계,면적[㎡],㎡,293912.0,294964.0,294964.0,484432.0,470251.0,470251.0,445887.0,445887.0,428716.0,428716.0,413980.0,489131.0,489131.0,489131.0,483190.0,489637.0,
600,유성구,계,시설수[개],개,145.0,193.0,193.0,213.0,182.0,184.0,211.0,275.0,209.0,243.0,237.0,246.0,249.0,250.0,258.0,258.0,
601,유성구,계,면적[㎡],㎡,727803.0,927339.0,927339.0,919186.0,687965.0,691185.0,763983.0,843299.0,758932.0,971508.0,952788.0,982793.0,980317.0,1010827.0,1062490.0,1062490.0,
608,대덕구,계,시설수[개],개,37.0,37.0,37.0,37.0,47.0,48.0,48.0,48.0,52.0,51.0,50.0,48.0,48.0,48.0,41.0,41.0,
609,대덕구,계,면적[㎡],㎡,1118266.0,1051341.0,1051341.0,1066565.0,1102537.0,1103054.0,1048663.0,1048663.0,923682.0,898737.0,895929.0,773080.0,770715.0,677170.0,734079.0,734079.0,
616,울산광역시,계,시설수[개],개,247.0,279.0,331.0,350.0,394.0,500.0,497.0,509.0,505.0,540.0,553.0,563.0,551.0,551.0,556.0,544.0,
617,울산광역시,계,면적[㎡],㎡,6011746.0,7017367.0,7514998.0,7869099.0,8782623.0,9495674.0,9479817.0,9602228.0,9592618.0,9887988.0,10065505.0,10368961.0,9931368.0,9926509.0,9931667.0,6976881.0,
624,울산광역시,계,시설수[개],개,239.0,279.0,331.0,350.0,394.0,500.0,497.0,509.0,505.0,536.0,549.0,563.0,551.0,551.0,556.0,544.0,
625,울산광역시,계,면적[㎡],㎡,5925956.0,7017367.0,7514998.0,7869099.0,8782623.0,9495674.0,9479817.0,9602228.0,9592618.0,9735967.0,9913484.0,10368961.0,9931368.0,9926509.0,9931667.0,6976881.0,
632,남구,계,시설수[개],개,,,,,,,,,,4.0,4.0,,,,,,
633,남구,계,면적[㎡],㎡,,,,,,,,,,152021.0,152021.0,,,,,,
640,동구,계,시설수[개],개,8.0,,,,,,,,,,,,,,,,
641,동구,계,면적[㎡],㎡,85790.0,,,,,,,,,,,,,,,,
646,세종특별자치시,계,시설수[개],개,,,,,,,,273.0,290.0,315.0,287.0,293.0,290.0,290.0,314.0,440.0,
647,세종특별자치시,계,면적[㎡],㎡,,,,,,,,2372919.0,2443065.0,3120877.0,3128675.0,3151852.0,3096189.0,3096189.0,3549631.0,4570841.0,
654,세종특별자치시,계,시설수[개],개,,,,,,,,273.0,290.0,315.0,287.0,293.0,290.0,290.0,314.0,440.0,
655,세종특별자치시,계,면적[㎡],㎡,,,,,,,,2372919.0,2443065.0,3120877.0,3128675.0,3151852.0,3096189.0,3096189.0,3549631.0,4570841.0,
662,경기도,계,시설수[개],개,1236.0,1745.0,2142.0,3009.0,4084.0,4764.0,5098.0,5233.0,5301.0,5362.0,6050.0,6093.0,6380.0,6836.0,7010.0,7034.0,
663,경기도,계,면적[㎡],㎡,18878880.0,20017377.0,22247984.0,27304489.0,29395622.0,34907648.0,37669208.0,38178208.0,40405498.0,40261433.0,66334239.0,65194120.0,79089449.0,63662145.0,64603217.0,60841319.0,
670,수원시,계,시설수[개],개,191.0,191.0,191.0,190.0,514.0,610.0,610.0,612.0,606.0,606.0,608.0,605.0,605.0,607.0,621.0,594.0,
671,수원시,계,면적[㎡],㎡,1191634.0,1191634.0,1191634.0,1152361.0,1162254.0,1953631.0,1953631.0,1957682.0,1895804.0,1895718.0,1887728.0,1802569.0,1802569.0,1809597.0,1896600.0,1775920.0,
678,성남시,계,시설수[개],개,74.0,88.0,88.0,92.0,92.0,92.0,118.0,118.0,127.0,126.0,135.0,154.0,150.0,138.0,149.0,166.0,
679,성남시,계,면적[㎡],㎡,2160967.0,2257650.0,2241008.0,2216530.0,2216530.0,2216530.0,2273230.0,2274173.0,2276120.0,2123340.0,1978537.0,2173958.0,2163629.0,2156593.0,2173184.0,1283011.0,
686,의정부시,계,시설수[개],개,34.0,127.0,130.0,151.0,229.0,254.0,255.0,265.0,279.0,281.0,281.0,281.0,280.0,280.0,278.0,293.0,
687,의정부시,계,면적[㎡],㎡,258778.0,526166.0,525249.0,577646.0,727248.0,740639.0,741319.0,766702.0,750391.0,753263.0,753263.0,760032.0,755879.0,755879.0,733340.0,745727.0,
694,안양시,계,시설수[개],개,54.0,62.0,89.0,97.0,100.0,104.0,108.0,119.0,119.0,113.0,114.0,112.0,110.0,107.0,107.0,103.0,
695,안양시,계,면적[㎡],㎡,278319.0,317326.0,438392.0,457778.0,461415.0,477629.0,481466.0,500197.0,491928.0,483088.0,486438.0,480628.0,480001.0,476028.0,476028.0,378962.0,
702,부천시,계,시설수[개],개,48.0,48.0,145.0,146.0,161.0,161.0,161.0,161.0,171.0,167.0,202.0,204.0,210.0,209.0,213.0,215.0,
703,부천시,계,면적[㎡],㎡,369613.0,369613.0,666000.0,667487.0,678695.0,678695.0,678695.0,678166.0,676818.0,665672.0,778877.0,772487.0,732000.0,725856.0,738416.0,742737.0,
710,광명시,계,시설수[개],개,28.0,78.0,78.0,162.0,165.0,182.0,193.0,193.0,193.0,215.0,176.0,178.0,178.0,183.0,183.0,183.0,
711,광명시,계,면적[㎡],㎡,239000.0,374740.0,374740.0,375007.0,375809.0,1417089.0,1444813.0,1444813.0,1444813.0,1466380.0,402138.0,404876.0,404876.0,419845.0,419845.0,419845.0,
718,평택시,계,시설수[개],개,17.0,25.0,30.0,115.0,116.0,116.0,121.0,124.0,124.0,124.0,124.0,98.0,384.0,754.0,754.0,754.0,
719,평택시,계,면적[㎡],㎡,674696.0,837483.0,843896.0,1572817.0,1578819.0,1578819.0,1616629.0,1629765.0,1629765.0,1629765.0,1629765.0,611585.0,2514482.0,4909535.0,4910153.0,4910153.0,
726,동두천시,계,시설수[개],개,21.0,21.0,32.0,33.0,34.0,34.0,35.0,35.0,35.0,33.0,38.0,38.0,37.0,37.0,43.0,42.0,
727,동두천시,계,면적[㎡],㎡,248583.0,248583.0,240691.0,243153.0,232718.0,229930.0,230197.0,230219.0,230219.0,228338.0,246576.0,236096.0,188517.0,188420.0,212333.0,198903.0,
734,안산시,계,시설수[개],개,31.0,31.0,31.0,66.0,66.0,65.0,79.0,79.0,78.0,78.0,83.0,86.0,87.0,88.0,88.0,88.0,
735,안산시,계,면적[㎡],㎡,1149794.0,1149794.0,1144849.0,1731137.0,1714285.0,1662151.0,2553908.0,2553908.0,2552786.0,2451323.0,2389940.0,2507863.0,2530905.0,2221562.0,2234424.0,2234424.0,
742,고양시,계,시설수[개],개,43.0,87.0,87.0,291.0,315.0,380.0,405.0,403.0,402.0,404.0,413.0,419.0,410.0,424.0,467.0,488.0,
743,고양시,계,면적[㎡],㎡,1034800.0,998003.0,998003.0,1704959.0,2025610.0,2267053.0,2441699.0,2406272.0,2295919.0,2263156.0,2174792.0,2188039.0,1559729.0,1616199.0,2202681.0,2315412.0,
750,과천시,계,시설수[개],개,4.0,15.0,15.0,16.0,16.0,16.0,16.0,16.0,16.0,19.0,89.0,95.0,96.0,115.0,116.0,116.0,
751,과천시,계,면적[㎡],㎡,57859.0,64138.0,64138.0,65302.0,65310.0,65310.0,65242.0,64755.0,64755.0,65160.0,174793.0,178104.0,181350.0,213523.0,212650.0,212650.0,
758,구리시,계,시설수[개],개,18.0,23.0,27.0,29.0,29.0,41.0,40.0,42.0,43.0,41.0,42.0,43.0,43.0,44.0,57.0,57.0,
759,구리시,계,면적[㎡],㎡,211276.0,175680.0,182760.0,185876.0,185877.0,238620.0,225698.0,229301.0,233592.0,230795.0,239833.0,243565.0,237215.0,239191.0,297326.0,271965.0,
766,남양주시,계,시설수[개],개,38.0,44.0,56.0,96.0,103.0,274.0,273.0,320.0,313.0,314.0,323.0,326.0,330.0,332.0,355.0,352.0,
767,남양주시,계,면적[㎡],㎡,475600.0,509222.0,604342.0,822367.0,956142.0,1397795.0,1396269.0,1618780.0,3358345.0,3376246.0,3415837.0,3564388.0,3571053.0,3509355.0,3515628.0,1644599.0,
774,오산시,계,시설수[개],개,36.0,152.0,151.0,158.0,276.0,275.0,275.0,277.0,211.0,219.0,223.0,216.0,218.0,218.0,219.0,221.0,
775,오산시,계,면적[㎡],㎡,640464.0,899943.0,920945.0,969175.0,1189099.0,1186778.0,1186778.0,1189814.0,1120129.0,1183898.0,1160453.0,912249.0,923418.0,924406.0,922015.0,736876.0,
782,시흥시,계,시설수[개],개,48.0,77.0,77.0,139.0,156.0,190.0,305.0,305.0,307.0,307.0,307.0,307.0,281.0,281.0,282.0,286.0,
783,시흥시,계,면적[㎡],㎡,1572424.0,1602730.0,1602730.0,1875670.0,2226016.0,4237298.0,4694288.0,4694288.0,4790481.0,4790481.0,4790481.0,4757328.0,3601056.0,2516775.0,2514231.0,2514823.0,
790,군포시,계,시설수[개],개,48.0,93.0,116.0,127.0,121.0,119.0,121.0,122.0,131.0,130.0,130.0,137.0,139.0,138.0,138.0,137.0,
791,군포시,계,면적[㎡],㎡,420036.0,509697.0,575335.0,654980.0,565872.0,563287.0,563986.0,546971.0,566717.0,562734.0,562734.0,570850.0,571694.0,556702.0,556702.0,474025.0,
798,의왕시,계,시설수[개],개,24.0,35.0,35.0,35.0,35.0,53.0,57.0,55.0,57.0,67.0,122.0,145.0,155.0,155.0,163.0,175.0,
799,의왕시,계,면적[㎡],㎡,72987.0,111292.0,111292.0,111281.0,111281.0,141663.0,173296.0,170238.0,173239.0,198947.0,319827.0,354417.0,381616.0,382992.0,384513.0,445140.0,
806,하남시,계,시설수[개],개,75.0,101.0,101.0,103.0,160.0,198.0,199.0,201.0,197.0,219.0,214.0,208.0,206.0,202.0,202.0,202.0,
807,하남시,계,면적[㎡],㎡,107920.0,160832.0,160832.0,160794.0,461565.0,673918.0,674667.0,664028.0,646695.0,653600.0,643444.0,645517.0,644275.0,647052.0,647052.0,647052.0,
814,용인시,계,시설수[개],개,87.0,87.0,87.0,87.0,472.0,488.0,496.0,496.0,503.0,503.0,503.0,520.0,503.0,503.0,503.0,502.0,
815,용인시,계,면적[㎡],㎡,3944569.0,3944569.0,3944569.0,3944569.0,3598577.0,3631929.0,3653907.0,3655779.0,3686010.0,3686010.0,3686010.0,3726765.0,2637605.0,2493631.0,2493631.0,2490853.0,
822,파주시,계,시설수[개],개,13.0,13.0,156.0,157.0,159.0,163.0,218.0,227.0,234.0,234.0,235.0,241.0,241.0,259.0,259.0,256.0,
823,파주시,계,면적[㎡],㎡,267690.0,267690.0,1551521.0,1552015.0,1567797.0,1590691.0,2438405.0,2550566.0,2561092.0,2570275.0,2581066.0,2593386.0,2586326.0,2732063.0,2732063.0,2647762.0,
830,이천시,계,시설수[개],개,8.0,9.0,9.0,9.0,9.0,8.0,8.0,8.0,58.0,58.0,58.0,58.0,58.0,62.0,70.0,69.0,
831,이천시,계,면적[㎡],㎡,697179.0,703664.0,703664.0,703664.0,703664.0,696964.0,696964.0,696964.0,1117780.0,1117780.0,1117780.0,1117780.0,1117780.0,541116.0,567109.0,542705.0,
838,안성시,계,시설수[개],개,44.0,56.0,56.0,60.0,70.0,70.0,116.0,117.0,130.0,130.0,134.0,145.0,154.0,161.0,176.0,190.0,
839,안성시,계,면적[㎡],㎡,198829.0,153697.0,153697.0,248240.0,1165208.0,1165178.0,1311784.0,1268647.0,1410676.0,1409441.0,1446372.0,1425587.0,1549459.0,1540465.0,1556909.0,1431850.0,
846,김포시,계,시설수[개],개,89.0,89.0,131.0,170.0,173.0,213.0,213.0,216.0,233.0,229.0,238.0,238.0,238.0,228.0,248.0,244.0,
847,김포시,계,면적[㎡],㎡,442172.0,442172.0,810320.0,1284251.0,1285415.0,1392971.0,1392971.0,1404037.0,1450299.0,1438697.0,1458977.0,1458977.0,1458977.0,1418389.0,1514824.0,1530444.0,
854,화성시,계,시설수[개],개,35.0,36.0,36.0,72.0,72.0,79.0,79.0,79.0,79.0,79.0,551.0,559.0,580.0,586.0,591.0,591.0,
855,화성시,계,면적[㎡],㎡,936888.0,940184.0,940184.0,1961999.0,1961999.0,1979760.0,1979760.0,1979760.0,1979760.0,1979760.0,28597043.0,28628919.0,43352919.0,27467752.0,27474638.0,27474638.0,
862,광주시,계,시설수[개],개,76.0,91.0,133.0,198.0,209.0,209.0,208.0,208.0,217.0,214.0,211.0,219.0,220.0,229.0,229.0,217.0,
863,광주시,계,면적[㎡],㎡,408338.0,432073.0,461759.0,588710.0,611418.0,611418.0,608299.0,604551.0,649103.0,693693.0,960238.0,858232.0,873482.0,886932.0,886932.0,864460.0,
870,양주시,계,시설수[개],개,18.0,18.0,7.0,154.0,174.0,300.0,301.0,301.0,301.0,290.0,290.0,243.0,239.0,239.0,247.0,246.0,
871,양주시,계,면적[㎡],㎡,80428.0,80428.0,46125.0,734053.0,838460.0,1349562.0,1356762.0,1356762.0,1356762.0,1298181.0,1284150.0,1052582.0,1001340.0,977122.0,1005034.0,976658.0,
878,포천시,계,시설수[개],개,10.0,24.0,24.0,21.0,21.0,26.0,26.0,40.0,38.0,61.0,68.0,79.0,81.0,82.0,82.0,81.0,
879,포천시,계,면적[㎡],㎡,37508.0,47845.0,48780.0,54695.0,54695.0,74552.0,74552.0,222490.0,172523.0,230623.0,258572.0,281427.0,304443.0,313106.0,313106.0,300112.0,
886,여주시,계,시설수[개],개,,,,,,,,,9.0,9.0,9.0,9.0,7.0,34.0,34.0,34.0,
887,여주시,계,면적[㎡],㎡,,,,,,,,,69257.0,69257.0,69257.0,69513.0,48470.0,106641.0,106641.0,106641.0,
894,여주군,계,시설수[개],개,7.0,7.0,7.0,5.0,5.0,5.0,9.0,9.0,,,,,,,,,
895,여주군,계,면적[㎡],㎡,41468.0,41468.0,41468.0,34008.0,34008.0,34008.0,69563.0,69563.0,,,,,,,,,
902,연천군,계,시설수[개],개,7.0,7.0,7.0,17.0,17.0,24.0,24.0,29.0,29.0,29.0,41.0,42.0,53.0,54.0,53.0,47.0,
903,연천군,계,면적[㎡],㎡,386627.0,386627.0,386627.0,439441.0,439441.0,453483.0,453483.0,477341.0,477341.0,477341.0,521352.0,522801.0,620837.0,621607.0,623066.0,239899.0,
910,가평군,계,시설수[개],개,6.0,6.0,6.0,6.0,7.0,7.0,21.0,45.0,49.0,48.0,53.0,53.0,52.0,52.0,52.0,52.0,
911,가평군,계,면적[㎡],㎡,243901.0,243901.0,243901.0,197185.0,182326.0,182326.0,218976.0,251791.0,255173.0,239514.0,180693.0,156327.0,156274.0,156538.0,156538.0,153170.0,
918,양평군,계,시설수[개],개,4.0,4.0,4.0,7.0,8.0,8.0,8.0,11.0,12.0,15.0,35.0,35.0,35.0,35.0,31.0,33.0,
919,양평군,계,면적[㎡],㎡,28533.0,28533.0,28533.0,17339.0,18069.0,17971.0,17971.0,19885.0,21206.0,28957.0,137273.0,137273.0,137273.0,137273.0,125605.0,129903.0,
926,강원도,계,시설수[개],개,395.0,364.0,390.0,455.0,573.0,626.0,657.0,681.0,701.0,750.0,759.0,694.0,678.0,676.0,683.0,668.0,
927,강원도,계,면적[㎡],㎡,4921760.0,5033355.0,5078483.0,5226708.0,6823282.0,7205313.0,7255338.0,7413940.0,7565619.0,8050530.0,7865036.0,7936854.0,7888639.0,7574501.0,6669222.0,6081286.0,
934,춘천시,계,시설수[개],개,80.0,80.0,88.0,109.0,116.0,123.0,129.0,136.0,136.0,155.0,158.0,163.0,163.0,163.0,163.0,159.0,
935,춘천시,계,면적[㎡],㎡,296788.0,297539.0,312330.0,339954.0,362298.0,376270.0,380040.0,495763.0,495763.0,681371.0,731361.0,755144.0,755144.0,755144.0,755144.0,641566.0,
942,원주시,계,시설수[개],개,59.0,76.0,95.0,114.0,206.0,225.0,247.0,248.0,249.0,255.0,262.0,192.0,192.0,190.0,182.0,198.0,
943,원주시,계,면적[㎡],㎡,1765616.0,1871238.0,1995555.0,2033614.0,3404934.0,3506596.0,3524907.0,3526204.0,3505055.0,3562391.0,3591168.0,3546775.0,3563303.0,3560698.0,2589873.0,2572426.0,
950,강릉시,계,시설수[개],개,14.0,14.0,14.0,19.0,19.0,28.0,29.0,32.0,35.0,35.0,31.0,31.0,31.0,29.0,29.0,26.0,
951,강릉시,계,면적[㎡],㎡,481740.0,481254.0,481254.0,509908.0,509908.0,728615.0,738965.0,772470.0,897674.0,897643.0,631663.0,631663.0,631663.0,628073.0,628073.0,585475.0,
958,동해시,계,시설수[개],개,42.0,47.0,49.0,61.0,61.0,61.0,61.0,61.0,68.0,68.0,68.0,67.0,68.0,67.0,67.0,66.0,
959,동해시,계,면적[㎡],㎡,868438.0,873113.0,892568.0,932535.0,932459.0,932519.0,932519.0,929359.0,956060.0,956036.0,956036.0,980029.0,980214.0,675067.0,675067.0,613011.0,
966,태백시,계,시설수[개],개,4.0,4.0,4.0,4.0,4.0,4.0,4.0,4.0,4.0,4.0,4.0,4.0,4.0,4.0,4.0,4.0,
967,태백시,계,면적[㎡],㎡,222460.0,222460.0,222460.0,222460.0,222460.0,222460.0,222460.0,222460.0,222460.0,222460.0,222460.0,222460.0,222460.0,222460.0,222460.0,222460.0,
974,속초시,계,시설수[개],개,61.0,8.0,5.0,11.0,14.0,14.0,13.0,20.0,29.0,31.0,34.0,34.0,34.0,34.0,34.0,33.0,
975,속초시,계,면적[㎡],㎡,347396.0,348429.0,234651.0,249364.0,250832.0,250832.0,250251.0,262534.0,278526.0,277795.0,282573.0,282144.0,281883.0,281883.0,281883.0,97161.0,
982,삼척시,계,시설수[개],개,27.0,27.0,27.0,27.0,34.0,37.0,37.0,37.0,39.0,32.0,32.0,32.0,32.0,31.0,31.0,20.0,
983,삼척시,계,면적[㎡],㎡,193160.0,193160.0,193160.0,193159.0,323955.0,327623.0,327623.0,315225.0,316030.0,306614.0,306614.0,306614.0,306614.0,296131.0,289975.0,204058.0,
990,홍천군,계,시설수[개],개,7.0,7.0,7.0,7.0,12.0,12.0,12.0,12.0,12.0,12.0,12.0,12.0,12.0,14.0,15.0,15.0,
991,홍천군,계,면적[㎡],㎡,107207.0,107207.0,107550.0,107550.0,170040.0,170040.0,170040.0,170040.0,170040.0,170040.0,171202.0,208722.0,207693.0,216801.0,201957.0,202360.0,
998,횡성군,계,시설수[개],개,26.0,26.0,26.0,26.0,26.0,26.0,26.0,26.0,26.0,39.0,39.0,39.0,34.0,34.0,34.0,30.0,
999,횡성군,계,면적[㎡],㎡,80805.0,80805.0,80805.0,80805.0,80805.0,52587.0,52587.0,52587.0,52587.0,292777.0,292777.0,292777.0,282072.0,282072.0,247641.0,232404.0,
1006,영월군,계,시설수[개],개,2.0,2.0,2.0,2.0,2.0,2.0,4.0,5.0,4.0,4.0,4.0,5.0,5.0,8.0,22.0,21.0,
1007,영월군,계,면적[㎡],㎡,17570.0,17570.0,17570.0,17570.0,17570.0,17570.0,26745.0,32744.0,26479.0,26479.0,26479.0,28512.0,28512.0,30833.0,138396.0,137416.0,
1014,평창군,계,시설수[개],개,6.0,6.0,6.0,6.0,6.0,8.0,9.0,9.0,9.0,25.0,25.0,25.0,25.0,25.0,25.0,25.0,
1015,평창군,계,면적[㎡],㎡,213677.0,213677.0,213677.0,213677.0,213677.0,224507.0,233507.0,233507.0,233507.0,245486.0,241265.0,241265.0,241265.0,241265.0,241265.0,241387.0,
1022,정선군,계,시설수[개],개,27.0,27.0,27.0,28.0,28.0,26.0,26.0,26.0,26.0,26.0,26.0,28.0,29.0,29.0,28.0,14.0,
1023,정선군,계,면적[㎡],㎡,153066.0,153066.0,153066.0,152846.0,152846.0,155376.0,155376.0,155376.0,155376.0,155376.0,155376.0,179919.0,201855.0,200642.0,201012.0,123263.0,
1030,철원군,계,시설수[개],개,15.0,15.0,15.0,15.0,15.0,21.0,21.0,21.0,20.0,20.0,20.0,18.0,11.0,10.0,10.0,10.0,
1031,철원군,계,면적[㎡],㎡,24771.0,24771.0,24771.0,24771.0,24771.0,62715.0,62715.0,62715.0,73128.0,73128.0,73128.0,77896.0,65491.0,62962.0,62962.0,62962.0,
1038,화천군,계,시설수[개],개,1.0,1.0,1.0,1.0,1.0,1.0,1.0,1.0,1.0,1.0,1.0,1.0,,,,,
1039,화천군,계,면적[㎡],㎡,2720.0,2720.0,2720.0,2720.0,2720.0,2720.0,2720.0,2720.0,2720.0,2720.0,2720.0,2720.0,,,,,
1046,양구군,계,시설수[개],개,2.0,2.0,2.0,2.0,6.0,14.0,14.0,14.0,14.0,14.0,14.0,14.0,14.0,14.0,14.0,14.0,
1047,양구군,계,면적[㎡],㎡,13420.0,13420.0,13420.0,13168.0,21400.0,35501.0,35501.0,35394.0,35394.0,35394.0,35394.0,35394.0,35394.0,35394.0,35394.0,35394.0,
1054,인제군,계,시설수[개],개,9.0,9.0,9.0,9.0,9.0,10.0,10.0,10.0,10.0,10.0,10.0,10.0,10.0,10.0,12.0,15.0,
1055,인제군,계,면적[㎡],㎡,44500.0,44500.0,44500.0,41391.0,41391.0,48166.0,48166.0,48166.0,48166.0,48166.0,48166.0,48166.0,48166.0,48166.0,60611.0,63472.0,
1062,고성군,계,시설수[개],개,2.0,2.0,2.0,2.0,2.0,2.0,2.0,7.0,7.0,7.0,7.0,7.0,7.0,7.0,6.0,7.0,
1063,고성군,계,면적[㎡],㎡,3952.0,3952.0,3952.0,3952.0,3952.0,3952.0,3952.0,9412.0,9412.0,9412.0,9412.0,9412.0,9412.0,9412.0,9647.0,13209.0,
1070,양양군,계,시설수[개],개,11.0,11.0,11.0,12.0,12.0,12.0,12.0,12.0,12.0,12.0,12.0,12.0,7.0,7.0,7.0,11.0,
1071,양양군,계,면적[㎡],㎡,84474.0,84474.0,84474.0,87264.0,87264.0,87264.0,87264.0,87264.0,87242.0,87242.0,87242.0,87242.0,27498.0,27498.0,27862.0,33262.0,
1078,충청북도,계,시설수[개],개,723.0,723.0,730.0,692.0,845.0,938.0,985.0,1009.0,1094.0,1111.0,1150.0,1193.0,1201.0,1268.0,1325.0,1347.0,
1079,충청북도,계,면적[㎡],㎡,8937803.0,8917699.0,9036419.0,9969768.0,11074057.0,12042272.0,12435002.0,12748170.0,13976412.0,14083912.0,14049866.0,14357000.0,14419928.0,13999335.0,14236391.0,15783736.0,
1086,청주시,계,시설수[개],개,407.0,407.0,411.0,336.0,377.0,377.0,377.0,377.0,377.0,683.0,688.0,682.0,714.0,714.0,714.0,714.0,
1087,청주시,계,면적[㎡],㎡,3484827.0,3484827.0,3491164.0,2709229.0,2851769.0,2840441.0,2872561.0,2870969.0,2870849.0,6611791.0,6588212.0,6592557.0,7005083.0,7005083.0,7005083.0,7005083.0,
1094,충주시,계,시설수[개],개,46.0,46.0,48.0,71.0,79.0,79.0,79.0,79.0,94.0,110.0,118.0,118.0,118.0,128.0,128.0,147.0,
1095,충주시,계,면적[㎡],㎡,1000436.0,1000436.0,1108878.0,2723501.0,2903841.0,2903841.0,2903841.0,2903841.0,2998410.0,3070844.0,3119914.0,3119416.0,3119416.0,2165481.0,2165481.0,4255814.0,
1102,제천시,계,시설수[개],개,14.0,14.0,14.0,14.0,14.0,14.0,14.0,25.0,25.0,25.0,30.0,32.0,32.0,32.0,71.0,80.0,
1103,제천시,계,면적[㎡],㎡,364786.0,344711.0,344711.0,344711.0,344711.0,344711.0,344711.0,395546.0,395546.0,395546.0,427004.0,343069.0,342659.0,342659.0,444131.0,486237.0,
1110,청원군,계,시설수[개],개,191.0,191.0,192.0,194.0,291.0,294.0,289.0,306.0,306.0,,,,,,,,
1111,청원군,계,면적[㎡],㎡,2564414.0,2564385.0,2568326.0,2584230.0,3395043.0,3417909.0,3422262.0,3737720.0,3740942.0,,,,,,,,
1118,보은군,계,시설수[개],개,,,,,,,,,14.0,15.0,15.0,15.0,20.0,20.0,20.0,20.0,
1119,보은군,계,면적[㎡],㎡,,,,,,,,,209283.0,212512.0,215480.0,212051.0,260547.0,260044.0,260044.0,260043.0,
1126,옥천군,계,시설수[개],개,8.0,8.0,8.0,8.0,15.0,15.0,15.0,15.0,15.0,15.0,15.0,26.0,23.0,23.0,23.0,22.0,
1127,옥천군,계,면적[㎡],㎡,451879.0,451879.0,451879.0,453994.0,424590.0,423209.0,423209.0,423209.0,423209.0,423209.0,423209.0,503636.0,378617.0,378617.0,378617.0,230958.0,
1134,영동군,계,시설수[개],개,9.0,9.0,9.0,9.0,9.0,18.0,18.0,18.0,18.0,18.0,18.0,25.0,25.0,25.0,38.0,30.0,
1135,영동군,계,면적[㎡],㎡,424209.0,424209.0,424209.0,424219.0,424219.0,567059.0,567059.0,567059.0,567059.0,567059.0,567059.0,617513.0,617513.0,585709.0,605541.0,252919.0,
1142,진천군,계,시설수[개],개,5.0,5.0,5.0,5.0,5.0,5.0,5.0,5.0,39.0,39.0,39.0,39.0,39.0,52.0,56.0,59.0,
1143,진천군,계,면적[㎡],㎡,115265.0,115265.0,115265.0,115265.0,115265.0,115265.0,114362.0,114362.0,675934.0,675934.0,566069.0,566069.0,563340.0,772784.0,849697.0,810325.0,
1150,괴산군,계,시설수[개],개,4.0,4.0,4.0,4.0,4.0,14.0,23.0,19.0,19.0,19.0,19.0,30.0,33.0,28.0,32.0,32.0,
1151,괴산군,계,면적[㎡],㎡,83680.0,83680.0,83680.0,83680.0,83680.0,298103.0,371105.0,318180.0,318180.0,318180.0,318180.0,411186.0,387771.0,386140.0,393943.0,402397.0,
1158,음성군,계,시설수[개],개,29.0,29.0,29.0,29.0,29.0,93.0,121.0,121.0,143.0,143.0,162.0,182.0,153.0,202.0,207.0,207.0,
1159,음성군,계,면적[㎡],㎡,229132.0,229132.0,229132.0,229132.0,229132.0,820534.0,987234.0,987234.0,1346906.0,1346906.0,1361518.0,1529036.0,1281015.0,1638851.0,1707502.0,1707502.0,
1166,단양군,계,시설수[개],개,1.0,1.0,1.0,1.0,1.0,8.0,8.0,8.0,8.0,8.0,10.0,8.0,8.0,8.0,8.0,8.0,
1167,단양군,계,면적[㎡],㎡,103600.0,103600.0,103600.0,103600.0,103600.0,112993.0,112993.0,114385.0,114385.0,146222.0,146955.0,146202.0,146226.0,146226.0,146226.0,146226.0,
1174,증평군,계,시설수[개],개,9.0,9.0,9.0,21.0,21.0,21.0,36.0,36.0,36.0,36.0,36.0,36.0,36.0,36.0,28.0,28.0,
1175,증평군,계,면적[㎡],㎡,115575.0,115575.0,115575.0,198207.0,198207.0,198207.0,315665.0,315665.0,315709.0,315709.0,316266.0,316265.0,317741.0,317741.0,280126.0,226232.0,
1182,충청남도,계,시설수[개],개,257.0,350.0,575.0,696.0,1021.0,1208.0,1234.0,1220.0,1264.0,1325.0,1492.0,1617.0,1635.0,1657.0,1704.0,1667.0,
1183,충청남도,계,면적[㎡],㎡,5981988.0,6495824.0,10126972.0,9652290.0,13246912.0,14579721.0,15277150.0,14262098.0,15379764.0,15712259.0,17373277.0,18436247.0,18239077.0,18082042.0,18449794.0,16440313.0,
1190,천안시,계,시설수[개],개,72.0,80.0,108.0,107.0,172.0,179.0,189.0,207.0,212.0,225.0,238.0,244.0,243.0,243.0,243.0,246.0,
1191,천안시,계,면적[㎡],㎡,1965472.0,1983082.0,2310446.0,2292105.0,2856296.0,3130510.0,3361562.0,2847814.0,2885456.0,2961834.0,3131946.0,3164102.0,3153142.0,3153142.0,3153142.0,2430020.0,
1198,공주시,계,시설수[개],개,11.0,11.0,11.0,11.0,59.0,75.0,75.0,52.0,88.0,97.0,97.0,97.0,96.0,95.0,95.0,90.0,
1199,공주시,계,면적[㎡],㎡,164111.0,164111.0,164111.0,160716.0,663511.0,926815.0,926815.0,627569.0,733684.0,745404.0,745404.0,745404.0,743876.0,743847.0,743847.0,668634.0,
1206,보령시,계,시설수[개],개,9.0,9.0,9.0,10.0,11.0,11.0,26.0,44.0,44.0,44.0,44.0,153.0,152.0,135.0,136.0,126.0,
1207,보령시,계,면적[㎡],㎡,361020.0,360990.0,360990.0,335634.0,716647.0,715653.0,1007773.0,1043219.0,1043255.0,1043255.0,1043255.0,1989866.0,1934206.0,1716766.0,1711669.0,1684202.0,
1214,아산시,계,시설수[개],개,14.0,98.0,98.0,144.0,191.0,198.0,201.0,202.0,206.0,214.0,214.0,214.0,214.0,243.0,243.0,252.0,
1215,아산시,계,면적[㎡],㎡,361463.0,859454.0,859454.0,1163730.0,1395884.0,1473965.0,1444805.0,1450155.0,1457491.0,1470193.0,1470193.0,1470193.0,1470193.0,1566758.0,1566758.0,1634362.0,
1222,서산시,계,시설수[개],개,24.0,24.0,24.0,33.0,36.0,36.0,36.0,36.0,36.0,39.0,161.0,162.0,161.0,161.0,161.0,152.0,
1223,서산시,계,면적[㎡],㎡,752332.0,752332.0,752332.0,856999.0,859857.0,859857.0,859857.0,859857.0,859857.0,890610.0,2182113.0,2186202.0,2156419.0,2156718.0,2156718.0,1712198.0,
1230,논산시,계,시설수[개],개,16.0,16.0,25.0,34.0,37.0,58.0,58.0,58.0,66.0,71.0,84.0,84.0,85.0,85.0,85.0,75.0,
1231,논산시,계,면적[㎡],㎡,515955.0,515955.0,535103.0,582600.0,599747.0,689848.0,668603.0,668603.0,666495.0,665271.0,745579.0,744519.0,696392.0,691742.0,690517.0,304341.0,
1238,계룡시,계,시설수[개],개,11.0,11.0,11.0,12.0,12.0,12.0,12.0,12.0,12.0,24.0,24.0,37.0,37.0,38.0,38.0,37.0,
1239,계룡시,계,면적[㎡],㎡,391067.0,391067.0,392818.0,387329.0,387329.0,387329.0,387329.0,387329.0,387329.0,534748.0,534748.0,610552.0,588642.0,587283.0,594654.0,372226.0,
1246,당진시,계,시설수[개],개,,,,,,,,359.0,285.0,285.0,296.0,314.0,321.0,332.0,336.0,331.0,
1247,당진시,계,면적[㎡],㎡,,,,,,,,3081305.0,2846158.0,2836935.0,2935917.0,2988297.0,2879382.0,2893144.0,2985110.0,2936744.0,
1254,금산군,계,시설수[개],개,9.0,9.0,13.0,12.0,12.0,12.0,25.0,28.0,28.0,28.0,28.0,9.0,8.0,8.0,8.0,8.0,
1255,금산군,계,면적[㎡],㎡,32096.0,32096.0,32281.0,32231.0,32231.0,32231.0,170036.0,169061.0,169061.0,169061.0,169061.0,138886.0,120835.0,120835.0,120835.0,120835.0,
1262,연기군,계,시설수[개],개,8.0,8.0,8.0,18.0,19.0,38.0,45.0,,,,,,,,,,
1263,연기군,계,면적[㎡],㎡,68752.0,68752.0,68752.0,276131.0,276897.0,376620.0,426894.0,,,,,,,,,,
1270,부여군,계,시설수[개],개,4.0,4.0,4.0,4.0,4.0,4.0,4.0,4.0,4.0,4.0,4.0,4.0,4.0,4.0,7.0,5.0,
1271,부여군,계,면적[㎡],㎡,15160.0,15160.0,15160.0,15160.0,15160.0,15160.0,15160.0,15160.0,15160.0,15160.0,15160.0,15160.0,15160.0,15160.0,14301.0,6876.0,
1278,서천군,계,시설수[개],개,14.0,14.0,14.0,14.0,14.0,13.0,14.0,14.0,35.0,46.0,48.0,48.0,63.0,66.0,79.0,75.0,
1279,서천군,계,면적[㎡],㎡,559726.0,559726.0,559726.0,559726.0,559726.0,544081.0,545913.0,545913.0,413811.0,472561.0,480303.0,480303.0,585081.0,617869.0,694208.0,566763.0,
1286,청양군,계,시설수[개],개,2.0,2.0,2.0,2.0,2.0,8.0,8.0,8.0,8.0,8.0,8.0,8.0,8.0,8.0,34.0,34.0,
1287,청양군,계,면적[㎡],㎡,9200.0,9200.0,9200.0,9200.0,9200.0,62666.0,62635.0,62635.0,62635.0,62635.0,62635.0,62635.0,61041.0,58500.0,251271.0,251271.0,
1294,홍성군,계,시설수[개],개,14.0,14.0,14.0,13.0,39.0,39.0,39.0,39.0,61.0,61.0,63.0,64.0,64.0,57.0,57.0,57.0,
1295,홍성군,계,면적[㎡],㎡,119466.0,119466.0,119466.0,138088.0,896878.0,896878.0,896878.0,896878.0,1052345.0,1052792.0,1033009.0,1032218.0,1026798.0,980588.0,980588.0,980588.0,
1302,예산군,계,시설수[개],개,12.0,12.0,12.0,12.0,62.0,73.0,76.0,71.0,70.0,70.0,74.0,74.0,74.0,77.0,77.0,77.0,
1303,예산군,계,면적[㎡],㎡,121524.0,121524.0,121524.0,121523.0,795349.0,862640.0,892970.0,849407.0,848210.0,852983.0,885137.0,885137.0,885137.0,856917.0,863403.0,863403.0,
1310,태안군,계,시설수[개],개,5.0,5.0,49.0,63.0,65.0,76.0,79.0,86.0,109.0,109.0,109.0,105.0,105.0,105.0,105.0,102.0,
1311,태안군,계,면적[㎡],㎡,36250.0,36250.0,681790.0,737394.0,737354.0,748538.0,745756.0,757193.0,1938817.0,1938817.0,1938817.0,1922773.0,1922773.0,1922773.0,1922773.0,1907850.0,
1318,당진군,계,시설수[개],개,32.0,33.0,173.0,207.0,286.0,376.0,347.0,,,,,,,,,,
1319,당진군,계,면적[㎡],㎡,508394.0,506659.0,3143819.0,1983724.0,2444846.0,2856930.0,2864164.0,,,,,,,,,,
1326,전라북도,계,시설수[개],개,237.0,246.0,270.0,367.0,432.0,521.0,569.0,594.0,640.0,651.0,673.0,675.0,705.0,699.0,713.0,734.0,
1327,전라북도,계,면적[㎡],㎡,5278892.0,5306672.0,5344216.0,6768655.0,7303173.0,7169801.0,7178021.0,7218732.0,7353290.0,7377764.0,7378197.0,7389761.0,7656965.0,6750165.0,6609309.0,5132890.0,
1334,전주시,계,시설수[개],개,80.0,86.0,108.0,115.0,139.0,149.0,167.0,190.0,191.0,191.0,191.0,188.0,188.0,209.0,209.0,210.0,
1335,전주시,계,면적[㎡],㎡,619796.0,626129.0,671023.0,683704.0,883683.0,954798.0,985604.0,1024077.0,1019627.0,1019627.0,1019627.0,1006117.0,990733.0,1097472.0,1097472.0,1098368.0,
1342,군산시,계,시설수[개],개,56.0,56.0,56.0,82.0,83.0,101.0,101.0,103.0,107.0,107.0,117.0,123.0,123.0,108.0,109.0,105.0,
1343,군산시,계,면적[㎡],㎡,1636360.0,1635634.0,1635634.0,1852352.0,1893961.0,1840986.0,1828055.0,1830293.0,1832934.0,1836905.0,1844337.0,1892361.0,1892361.0,1051289.0,1052170.0,903517.0,
1350,익산시,계,시설수[개],개,22.0,22.0,22.0,36.0,60.0,67.0,70.0,70.0,82.0,83.0,87.0,87.0,99.0,98.0,108.0,106.0,
1351,익산시,계,면적[㎡],㎡,589592.0,589592.0,589592.0,676611.0,874033.0,938611.0,1030038.0,1030038.0,1114730.0,1097032.0,1033518.0,1033518.0,1186822.0,1184359.0,1254330.0,649726.0,
1358,정읍시,계,시설수[개],개,7.0,7.0,8.0,15.0,15.0,19.0,34.0,34.0,35.0,38.0,38.0,36.0,37.0,37.0,37.0,32.0,
1359,정읍시,계,면적[㎡],㎡,681148.0,681148.0,681543.0,783714.0,783714.0,791235.0,858227.0,858227.0,858990.0,890973.0,890973.0,886619.0,885769.0,885769.0,782672.0,339364.0,
1366,남원시,계,시설수[개],개,16.0,16.0,20.0,21.0,23.0,23.0,34.0,34.0,35.0,35.0,43.0,43.0,42.0,42.0,46.0,46.0,
1367,남원시,계,면적[㎡],㎡,342562.0,342562.0,349541.0,349541.0,396669.0,396669.0,208320.0,208320.0,211752.0,211752.0,268267.0,268267.0,259581.0,259581.0,274534.0,274534.0,
1374,김제시,계,시설수[개],개,8.0,8.0,8.0,8.0,8.0,8.0,8.0,8.0,8.0,8.0,8.0,9.0,9.0,9.0,6.0,5.0,
1375,김제시,계,면적[㎡],㎡,449073.0,449073.0,449073.0,449073.0,449073.0,449073.0,449073.0,449073.0,449073.0,448787.0,448787.0,449906.0,449906.0,449906.0,307637.0,28977.0,
1382,완주군,계,시설수[개],개,23.0,23.0,24.0,41.0,41.0,53.0,53.0,53.0,54.0,60.0,60.0,60.0,66.0,53.0,56.0,65.0,
1383,완주군,계,면적[㎡],㎡,760934.0,760934.0,770783.0,954670.0,954670.0,1059484.0,1059484.0,1059484.0,1017333.0,1009255.0,1009255.0,989540.0,1023276.0,887070.0,902984.0,763708.0,
1390,진안군,계,시설수[개],개,,,,,,,,,,,,,9.0,9.0,9.0,9.0,
1391,진안군,계,면적[㎡],㎡,,,,,,,,,,,,,55868.0,55868.0,55868.0,55868.0,
1398,무주군,계,시설수[개],개,,,,,,6.0,6.0,6.0,6.0,6.0,6.0,6.0,6.0,6.0,5.0,5.0,
1399,무주군,계,면적[㎡],㎡,,,,,,11655.0,11655.0,11655.0,11655.0,11655.0,11655.0,11655.0,11655.0,11655.0,14446.0,14446.0,
1406,장수군,계,시설수[개],개,,,,4.0,4.0,,,,,,,,,,,,
1407,장수군,계,면적[㎡],㎡,,,,700181.0,700181.0,,,,,,,,,,,,
1414,임실군,계,시설수[개],개,6.0,6.0,6.0,13.0,13.0,13.0,13.0,13.0,13.0,13.0,13.0,13.0,13.0,13.0,13.0,11.0,
1415,임실군,계,면적[㎡],㎡,61896.0,61896.0,61896.0,75417.0,75417.0,75417.0,75417.0,75417.0,75417.0,75417.0,75417.0,75417.0,75417.0,75417.0,75417.0,65979.0,
1422,순창군,계,시설수[개],개,2.0,2.0,2.0,2.0,10.0,10.0,10.0,10.0,10.0,10.0,10.0,10.0,13.0,13.0,13.0,18.0,
1423,순창군,계,면적[㎡],㎡,6670.0,6670.0,6670.0,6670.0,28164.0,28164.0,28164.0,28164.0,28164.0,28164.0,28164.0,28164.0,77380.0,77380.0,77380.0,82252.0,
1430,고창군,계,시설수[개],개,12.0,15.0,11.0,16.0,16.0,52.0,53.0,53.0,55.0,51.0,51.0,51.0,51.0,51.0,51.0,70.0,
1431,고창군,계,면적[㎡],㎡,34941.0,57114.0,32541.0,47435.0,47435.0,407536.0,427811.0,427811.0,439550.0,427839.0,427839.0,427839.0,427839.0,427839.0,427839.0,569078.0,
1438,부안군,계,시설수[개],개,5.0,5.0,5.0,14.0,20.0,20.0,20.0,20.0,44.0,49.0,49.0,49.0,49.0,51.0,51.0,52.0,
1439,부안군,계,면적[㎡],㎡,95920.0,95920.0,95920.0,189287.0,216173.0,216173.0,216173.0,216173.0,294065.0,320358.0,320358.0,320358.0,320358.0,286560.0,286560.0,287073.0,
1446,전라남도,계,시설수[개],개,461.0,470.0,630.0,753.0,858.0,984.0,1009.0,1157.0,1233.0,1336.0,1359.0,1336.0,1333.0,1547.0,1544.0,1666.0,
1447,전라남도,계,면적[㎡],㎡,10678562.0,11105450.0,11862118.0,12599302.0,13957890.0,15140038.0,15281291.0,18008291.0,18490126.0,19322868.0,18702194.0,17629922.0,17894540.0,21968991.0,21559270.0,22291937.0,
1454,목포시,계,시설수[개],개,33.0,33.0,50.0,50.0,50.0,58.0,58.0,70.0,70.0,79.0,79.0,79.0,80.0,80.0,80.0,80.0,
1455,목포시,계,면적[㎡],㎡,616338.0,616338.0,662829.0,677288.0,677288.0,832020.0,832100.0,872598.0,872598.0,893545.0,892062.0,892062.0,895132.0,895695.0,876956.0,787272.0,
1462,여수시,계,시설수[개],개,105.0,105.0,105.0,147.0,129.0,141.0,149.0,163.0,174.0,230.0,233.0,239.0,241.0,257.0,259.0,263.0,
1463,여수시,계,면적[㎡],㎡,2105234.0,2105234.0,2105234.0,2322122.0,2289406.0,2319363.0,2325536.0,2581689.0,2738673.0,2922208.0,2926003.0,2446000.0,2728047.0,2912225.0,2917836.0,2939787.0,
1470,순천시,계,시설수[개],개,89.0,88.0,88.0,88.0,119.0,120.0,127.0,148.0,149.0,149.0,149.0,149.0,149.0,148.0,144.0,162.0,
1471,순천시,계,면적[㎡],㎡,2388756.0,2383815.0,2383815.0,2383806.0,2178549.0,2187053.0,2213593.0,2573818.0,2569804.0,2569804.0,2569804.0,2569804.0,2559371.0,2356926.0,2064489.0,1789211.0,
1478,나주시,계,시설수[개],개,16.0,16.0,122.0,149.0,149.0,170.0,170.0,170.0,174.0,168.0,168.0,172.0,171.0,173.0,172.0,171.0,
1479,나주시,계,면적[㎡],㎡,197776.0,197776.0,866756.0,1101258.0,1101258.0,1172746.0,1172746.0,1172441.0,1178639.0,1077589.0,1079456.0,1075024.0,1073494.0,1080280.0,999526.0,940696.0,
1486,광양시,계,시설수[개],개,65.0,65.0,65.0,70.0,77.0,77.0,79.0,89.0,114.0,123.0,134.0,127.0,127.0,141.0,141.0,141.0,
1487,광양시,계,면적[㎡],㎡,2315010.0,2315010.0,2315010.0,2358566.0,2536559.0,2519108.0,2541831.0,2593195.0,2808675.0,3451497.0,2878413.0,2881717.0,2881717.0,2784953.0,2784953.0,2345654.0,
1494,담양군,계,시설수[개],개,8.0,13.0,16.0,22.0,22.0,22.0,22.0,22.0,40.0,40.0,40.0,52.0,46.0,47.0,40.0,51.0,
1495,담양군,계,면적[㎡],㎡,151141.0,524956.0,538886.0,560211.0,560211.0,560211.0,560211.0,560211.0,587158.0,587158.0,587158.0,691893.0,682041.0,705786.0,632867.0,674272.0,
1502,곡성군,계,시설수[개],개,5.0,5.0,5.0,5.0,5.0,7.0,7.0,9.0,11.0,11.0,9.0,13.0,13.0,13.0,13.0,10.0,
1503,곡성군,계,면적[㎡],㎡,113277.0,113277.0,113277.0,113277.0,158695.0,161897.0,161897.0,164617.0,168469.0,168469.0,149861.0,186786.0,186416.0,186416.0,186416.0,46329.0,
1510,구례군,계,시설수[개],개,3.0,3.0,3.0,4.0,4.0,4.0,4.0,4.0,4.0,25.0,25.0,25.0,26.0,52.0,52.0,38.0,
1511,구례군,계,면적[㎡],㎡,27572.0,27572.0,27572.0,27572.0,27572.0,27572.0,27572.0,27572.0,27572.0,88852.0,88852.0,88852.0,81512.0,190655.0,190683.0,156719.0,
1518,고흥군,계,시설수[개],개,6.0,6.0,6.0,19.0,19.0,22.0,22.0,22.0,22.0,22.0,24.0,25.0,25.0,25.0,25.0,22.0,
1519,고흥군,계,면적[㎡],㎡,96448.0,96448.0,96448.0,119076.0,119076.0,110527.0,110527.0,110527.0,110527.0,110527.0,176582.0,191685.0,191685.0,191685.0,191685.0,173008.0,
1526,보성군,계,시설수[개],개,9.0,13.0,13.0,13.0,13.0,13.0,13.0,16.0,16.0,16.0,16.0,16.0,16.0,16.0,16.0,3.0,
1527,보성군,계,면적[㎡],㎡,180556.0,194221.0,194221.0,194221.0,194221.0,194221.0,194221.0,298748.0,298748.0,298748.0,298748.0,298748.0,298748.0,298748.0,298748.0,21940.0,
1534,화순군,계,시설수[개],개,16.0,16.0,16.0,22.0,23.0,23.0,34.0,34.0,34.0,34.0,36.0,36.0,36.0,36.0,36.0,30.0,
1535,화순군,계,면적[㎡],㎡,230706.0,230706.0,230706.0,264394.0,273810.0,273810.0,364547.0,364547.0,364547.0,364547.0,433168.0,433168.0,433168.0,433168.0,433168.0,246471.0,
1542,장흥군,계,시설수[개],개,2.0,2.0,2.0,2.0,18.0,18.0,18.0,18.0,18.0,25.0,27.0,27.0,27.0,27.0,27.0,27.0,
1543,장흥군,계,면적[㎡],㎡,6600.0,6600.0,6600.0,6600.0,496003.0,496003.0,496003.0,496003.0,496003.0,518098.0,371822.0,371822.0,371822.0,371822.0,371822.0,371822.0,
1550,강진군,계,시설수[개],개,5.0,6.0,6.0,6.0,45.0,45.0,23.0,24.0,30.0,30.0,29.0,29.0,28.0,28.0,28.0,20.0,
1551,강진군,계,면적[㎡],㎡,30780.0,75129.0,75129.0,75129.0,218680.0,218680.0,158380.0,157588.0,171648.0,171648.0,128293.0,128293.0,124134.0,124134.0,124134.0,88277.0,
1558,해남군,계,시설수[개],개,8.0,8.0,8.0,8.0,11.0,11.0,11.0,36.0,37.0,37.0,37.0,48.0,48.0,182.0,182.0,327.0,
1559,해남군,계,면적[㎡],㎡,67840.0,67840.0,67840.0,40580.0,88516.0,88516.0,88516.0,1856406.0,1857556.0,1857850.0,1857850.0,1983295.0,1983295.0,4754761.0,4754761.0,7580401.0,
1566,영암군,계,시설수[개],개,28.0,28.0,28.0,28.0,31.0,31.0,39.0,39.0,39.0,41.0,47.0,47.0,47.0,69.0,68.0,61.0,
1567,영암군,계,면적[㎡],㎡,756690.0,756690.0,756690.0,756690.0,1124091.0,1123639.0,1146871.0,1146871.0,1146871.0,1151089.0,1181142.0,1181142.0,1181028.0,2453148.0,2452148.0,2334670.0,
1574,무안군,계,시설수[개],개,23.0,23.0,23.0,39.0,36.0,36.0,36.0,36.0,36.0,36.0,36.0,36.0,36.0,36.0,36.0,36.0,
1575,무안군,계,면적[㎡],㎡,413528.0,413528.0,413528.0,680971.0,652631.0,652631.0,652631.0,652631.0,652631.0,652631.0,652631.0,652631.0,652631.0,652631.0,652631.0,635381.0,
1582,함평군,계,시설수[개],개,14.0,14.0,14.0,16.0,27.0,27.0,27.0,32.0,41.0,44.0,44.0,44.0,44.0,42.0,50.0,45.0,
1583,함평군,계,면적[㎡],㎡,96153.0,96153.0,96153.0,105364.0,325875.0,325875.0,325875.0,344210.0,402868.0,394580.0,394641.0,394641.0,394641.0,369233.0,420966.0,394417.0,
1590,영광군,계,시설수[개],개,6.0,6.0,6.0,11.0,22.0,22.0,32.0,33.0,33.0,34.0,34.0,34.0,34.0,36.0,36.0,36.0,
1591,영광군,계,면적[㎡],㎡,84658.0,84658.0,84658.0,82911.0,186113.0,186113.0,208679.0,214044.0,214044.0,215353.0,215353.0,215353.0,227146.0,254313.0,254313.0,254313.0,
1598,장성군,계,시설수[개],개,15.0,15.0,45.0,45.0,45.0,64.0,64.0,109.0,108.0,109.0,109.0,111.0,112.0,112.0,112.0,113.0,
1599,장성군,계,면적[㎡],㎡,647155.0,647155.0,662451.0,662451.0,662451.0,712774.0,712774.0,820806.0,823326.0,828906.0,820586.0,839796.0,841302.0,841302.0,841302.0,382679.0,
1606,완도군,계,시설수[개],개,1.0,1.0,5.0,5.0,5.0,8.0,8.0,17.0,17.0,17.0,17.0,18.0,18.0,18.0,18.0,17.0,
1607,완도군,계,면적[㎡],㎡,6330.0,6330.0,18301.0,18301.0,18301.0,17782.0,17782.0,30770.0,30770.0,30770.0,30770.0,29124.0,29124.0,33024.0,33024.0,31603.0,
1614,진도군,계,시설수[개],개,4.0,4.0,4.0,4.0,4.0,4.0,5.0,5.0,5.0,5.0,5.0,5.0,5.0,5.0,5.0,2.0,
1615,진도군,계,면적[㎡],㎡,146014.0,146014.0,146014.0,48514.0,48514.0,48514.0,58016.0,58016.0,58016.0,58016.0,58016.0,58016.0,58016.0,58016.0,56772.0,16693.0,
1622,신안군,계,시설수[개],개,,,,,4.0,61.0,61.0,61.0,61.0,61.0,61.0,4.0,4.0,4.0,4.0,11.0,
1623,신안군,계,면적[㎡],㎡,,,,,20070.0,910983.0,910983.0,910983.0,910983.0,910983.0,910983.0,20070.0,20070.0,20070.0,20070.0,80322.0,
1630,경상북도,계,시설수[개],개,933.0,972.0,1101.0,1162.0,1329.0,1500.0,1576.0,1729.0,1823.0,1870.0,1975.0,2123.0,2180.0,2252.0,2283.0,1957.0,
1631,경상북도,계,면적[㎡],㎡,10574306.0,10851037.0,11159809.0,11930575.0,13014287.0,14373897.0,14954933.0,16198584.0,17192157.0,16995450.0,17769205.0,19061824.0,19738928.0,19179120.0,19417916.0,14697482.0,
1638,포항시,계,시설수[개],개,65.0,76.0,118.0,143.0,209.0,208.0,208.0,250.0,242.0,238.0,238.0,251.0,247.0,247.0,247.0,247.0,
1639,포항시,계,면적[㎡],㎡,765468.0,919799.0,949707.0,1031819.0,1393100.0,1261187.0,1261187.0,1786815.0,2049486.0,2048212.0,2050061.0,2195955.0,2181007.0,2181007.0,2181007.0,2182617.0,
1646,경주시,계,시설수[개],개,111.0,111.0,111.0,111.0,111.0,130.0,163.0,163.0,182.0,184.0,191.0,204.0,237.0,237.0,240.0,199.0,
1647,경주시,계,면적[㎡],㎡,1799289.0,1799289.0,1799289.0,1799289.0,1799289.0,2040797.0,2618294.0,2618294.0,2699228.0,2713549.0,2737909.0,2933461.0,3201029.0,3201029.0,3349668.0,2198127.0,
1654,김천시,계,시설수[개],개,85.0,85.0,92.0,94.0,106.0,106.0,106.0,124.0,124.0,124.0,124.0,136.0,152.0,153.0,153.0,120.0,
1655,김천시,계,면적[㎡],㎡,941105.0,941105.0,1037092.0,1060129.0,1031419.0,1017464.0,1017464.0,1115061.0,1115061.0,1115061.0,1115859.0,1123929.0,1383789.0,1436591.0,1431851.0,905270.0,
1662,안동시,계,시설수[개],개,71.0,71.0,79.0,71.0,71.0,102.0,104.0,125.0,125.0,139.0,135.0,139.0,140.0,187.0,200.0,147.0,
1663,안동시,계,면적[㎡],㎡,172877.0,172877.0,235363.0,235363.0,235363.0,306557.0,307974.0,481528.0,481528.0,498967.0,415513.0,1042119.0,1042024.0,1085141.0,1142935.0,1000036.0,
1670,구미시,계,시설수[개],개,110.0,117.0,119.0,119.0,121.0,229.0,228.0,228.0,258.0,303.0,323.0,333.0,333.0,369.0,370.0,354.0,
1671,구미시,계,면적[㎡],㎡,1842947.0,1832424.0,1892267.0,1892267.0,1907370.0,3028868.0,3028868.0,3028868.0,3192883.0,3363239.0,3448776.0,3475142.0,3475142.0,3582354.0,3575660.0,2802747.0,
1678,영주시,계,시설수[개],개,28.0,28.0,91.0,94.0,94.0,90.0,90.0,111.0,116.0,116.0,118.0,122.0,125.0,122.0,122.0,67.0,
1679,영주시,계,면적[㎡],㎡,345552.0,345552.0,329472.0,416244.0,416421.0,409685.0,409685.0,622416.0,643982.0,643982.0,653641.0,694846.0,693762.0,687288.0,729758.0,518859.0,
1686,영천시,계,시설수[개],개,15.0,15.0,15.0,23.0,26.0,26.0,30.0,30.0,30.0,33.0,58.0,58.0,58.0,55.0,59.0,69.0,
1687,영천시,계,면적[㎡],㎡,642490.0,642490.0,642316.0,669194.0,678587.0,678587.0,638208.0,638208.0,638208.0,612018.0,979977.0,979977.0,979296.0,930870.0,934848.0,604241.0,
1694,상주시,계,시설수[개],개,64.0,64.0,64.0,74.0,74.0,72.0,72.0,72.0,72.0,72.0,72.0,72.0,72.0,72.0,72.0,50.0,
1695,상주시,계,면적[㎡],㎡,374342.0,374342.0,374342.0,554435.0,554435.0,552345.0,552345.0,552345.0,552345.0,552345.0,552345.0,552345.0,552345.0,411552.0,411573.0,397099.0,
1702,문경시,계,시설수[개],개,31.0,31.0,31.0,31.0,31.0,48.0,48.0,48.0,48.0,48.0,48.0,48.0,48.0,48.0,48.0,27.0,
1703,문경시,계,면적[㎡],㎡,285364.0,285364.0,285364.0,285364.0,285364.0,351688.0,351688.0,352058.0,352058.0,352058.0,352058.0,352058.0,351688.0,351706.0,351706.0,169620.0,
1710,경산시,계,시설수[개],개,148.0,172.0,172.0,146.0,165.0,165.0,166.0,167.0,195.0,209.0,219.0,226.0,226.0,221.0,221.0,220.0,
1711,경산시,계,면적[㎡],㎡,1027935.0,1226158.0,1226158.0,1037005.0,1245453.0,1244059.0,1231249.0,1231290.0,1466946.0,1577270.0,1596308.0,1606167.0,1632650.0,1579617.0,1579679.0,1126399.0,
1718,군위군,계,시설수[개],개,3.0,3.0,2.0,2.0,2.0,2.0,2.0,2.0,2.0,2.0,2.0,8.0,8.0,8.0,8.0,6.0,
1719,군위군,계,면적[㎡],㎡,242920.0,242920.0,242875.0,242875.0,79850.0,79850.0,79850.0,79850.0,81193.0,81193.0,81193.0,104730.0,104730.0,104730.0,104730.0,23537.0,
1726,의성군,계,시설수[개],개,18.0,18.0,18.0,18.0,20.0,20.0,20.0,19.0,19.0,19.0,26.0,26.0,26.0,26.0,26.0,9.0,
1727,의성군,계,면적[㎡],㎡,224735.0,224735.0,224735.0,224735.0,232712.0,232712.0,232712.0,196508.0,196508.0,196508.0,208826.0,208826.0,208826.0,208826.0,208826.0,21281.0,
1734,청송군,계,시설수[개],개,6.0,6.0,6.0,6.0,6.0,6.0,6.0,6.0,6.0,6.0,6.0,46.0,46.0,46.0,46.0,46.0,
1735,청송군,계,면적[㎡],㎡,25530.0,25530.0,25530.0,25530.0,25530.0,25530.0,25530.0,25530.0,25530.0,25530.0,25530.0,193512.0,193512.0,193477.0,193477.0,193477.0,
1742,영양군,계,시설수[개],개,2.0,2.0,2.0,1.0,2.0,2.0,2.0,2.0,4.0,9.0,11.0,13.0,13.0,13.0,13.0,13.0,
1743,영양군,계,면적[㎡],㎡,6930.0,6930.0,6930.0,3380.0,6930.0,6930.0,6930.0,6930.0,15732.0,32126.0,33098.0,38147.0,38147.0,38147.0,38147.0,38147.0,
1750,영덕군,계,시설수[개],개,17.0,17.0,17.0,17.0,17.0,21.0,21.0,35.0,35.0,35.0,36.0,36.0,36.0,34.0,33.0,29.0,
1751,영덕군,계,면적[㎡],㎡,48862.0,48862.0,48862.0,48862.0,48862.0,49620.0,49620.0,153392.0,153392.0,153392.0,159332.0,159332.0,159332.0,154829.0,153774.0,142245.0,
1758,청도군,계,시설수[개],개,36.0,36.0,36.0,72.0,36.0,36.0,36.0,36.0,36.0,41.0,41.0,43.0,42.0,42.0,42.0,5.0,
1759,청도군,계,면적[㎡],㎡,192390.0,192390.0,192390.0,380040.0,190020.0,190020.0,190020.0,190020.0,190641.0,229661.0,229661.0,229993.0,228903.0,228903.0,228903.0,38020.0,
1766,고령군,계,시설수[개],개,2.0,2.0,10.0,10.0,10.0,10.0,47.0,46.0,45.0,45.0,78.0,78.0,78.0,80.0,81.0,80.0,
1767,고령군,계,면적[㎡],㎡,10315.0,10315.0,87162.0,87162.0,87162.0,87162.0,219392.0,188812.0,164982.0,164982.0,486128.0,486553.0,486553.0,531217.0,514286.0,517465.0,
1774,성주군,계,시설수[개],개,4.0,4.0,4.0,4.0,4.0,4.0,4.0,4.0,16.0,17.0,17.0,17.0,17.0,17.0,17.0,16.0,
1775,성주군,계,면적[㎡],㎡,14368.0,14368.0,14368.0,14368.0,14368.0,14368.0,14368.0,14368.0,165020.0,158047.0,158047.0,158047.0,161515.0,159869.0,159868.0,157708.0,
1782,칠곡군,계,시설수[개],개,21.0,21.0,21.0,33.0,33.0,34.0,34.0,50.0,56.0,56.0,58.0,88.0,88.0,80.0,80.0,74.0,
1783,칠곡군,계,면적[㎡],㎡,793657.0,793657.0,793657.0,1170584.0,1105284.0,1092541.0,1092541.0,1035275.0,1125864.0,1107638.0,1111865.0,1150085.0,1148939.0,567695.0,567695.0,487205.0,
1790,예천군,계,시설수[개],개,11.0,11.0,11.0,11.0,45.0,45.0,45.0,60.0,60.0,63.0,63.0,69.0,69.0,72.0,82.0,75.0,
1791,예천군,계,면적[㎡],㎡,112071.0,112071.0,112071.0,112071.0,321946.0,321946.0,321946.0,459275.0,459275.0,450132.0,453538.0,456162.0,428821.0,447876.0,463624.0,388641.0,
1798,봉화군,계,시설수[개],개,20.0,20.0,20.0,20.0,20.0,20.0,20.0,27.0,28.0,28.0,28.0,27.0,32.0,36.0,36.0,16.0,
1799,봉화군,계,면적[㎡],㎡,136308.0,136308.0,136308.0,136308.0,136308.0,136308.0,136115.0,252794.0,253348.0,257417.0,257417.0,258315.0,387461.0,398178.0,397520.0,255491.0,
1806,울진군,계,시설수[개],개,65.0,62.0,62.0,62.0,66.0,69.0,69.0,69.0,69.0,47.0,47.0,47.0,51.0,51.0,51.0,52.0,
1807,울진군,계,면적[㎡],㎡,568851.0,503551.0,503551.0,503551.0,555870.0,629058.0,552332.0,552332.0,552332.0,404419.0,404419.0,404419.0,441753.0,440514.0,440677.0,271546.0,
1814,울릉군,계,시설수[개],개,,,,,60.0,55.0,55.0,55.0,55.0,36.0,36.0,36.0,36.0,36.0,36.0,36.0,
1815,울릉군,계,면적[㎡],㎡,,,,,662644.0,616615.0,616615.0,616615.0,616615.0,257704.0,257704.0,257704.0,257704.0,257704.0,257704.0,257704.0,
1822,경상남도,계,시설수[개],개,465.0,505.0,556.0,707.0,904.0,1094.0,1175.0,1275.0,1316.0,1369.0,1608.0,1598.0,1651.0,1703.0,1845.0,1827.0,
1823,경상남도,계,면적[㎡],㎡,11759277.0,12526206.0,12654845.0,14145782.0,14894235.0,15897377.0,16157751.0,17591663.0,17771624.0,17868746.0,19955491.0,19536033.0,19358896.0,18633936.0,19613230.0,17527590.0,
1830,창원시,계,시설수[개],개,85.0,92.0,91.0,119.0,126.0,314.0,340.0,364.0,384.0,376.0,478.0,473.0,470.0,465.0,488.0,504.0,
1831,창원시,계,면적[㎡],㎡,2199028.0,2293558.0,2265726.0,2434248.0,2418967.0,4372463.0,4499833.0,5385266.0,5487174.0,5369933.0,6122609.0,6121689.0,6117513.0,5463431.0,5532057.0,5128172.0,
1838,마산시,계,시설수[개],개,36.0,36.0,36.0,45.0,52.0,,,,,,,,,,,,
1839,마산시,계,면적[㎡],㎡,621725.0,621725.0,621725.0,675706.0,711326.0,,,,,,,,,,,,
1846,진주시,계,시설수[개],개,22.0,32.0,32.0,78.0,121.0,119.0,123.0,167.0,167.0,190.0,190.0,191.0,218.0,217.0,217.0,217.0,
1847,진주시,계,면적[㎡],㎡,1116795.0,1293649.0,1293649.0,1510400.0,1626398.0,1281667.0,1310830.0,1493094.0,1492721.0,1551733.0,1551733.0,1551697.0,1739571.0,1737598.0,1737598.0,1718745.0,
1854,진해시,계,시설수[개],개,49.0,67.0,109.0,135.0,130.0,,,,,,,,,,,,
1855,진해시,계,면적[㎡],㎡,636980.0,1029431.0,1155031.0,1360030.0,1336833.0,,,,,,,,,,,,
1862,통영시,계,시설수[개],개,12.0,12.0,12.0,10.0,13.0,13.0,13.0,13.0,13.0,13.0,76.0,76.0,76.0,75.0,75.0,73.0,
1863,통영시,계,면적[㎡],㎡,307200.0,307200.0,307200.0,85959.0,99963.0,99963.0,99862.0,99862.0,100105.0,101220.0,957396.0,957215.0,956535.0,953703.0,953703.0,889592.0,
1870,사천시,계,시설수[개],개,19.0,19.0,19.0,36.0,53.0,59.0,73.0,100.0,105.0,104.0,108.0,94.0,103.0,125.0,128.0,123.0,
1871,사천시,계,면적[㎡],㎡,570812.0,570811.0,565792.0,665192.0,818683.0,996113.0,840599.0,1158179.0,1165096.0,1016653.0,1095506.0,748034.0,809464.0,910689.0,928730.0,879713.0,
1878,김해시,계,시설수[개],개,70.0,70.0,70.0,117.0,152.0,169.0,187.0,189.0,204.0,211.0,224.0,224.0,234.0,239.0,281.0,279.0,
1879,김해시,계,면적[㎡],㎡,1879776.0,1879776.0,1879776.0,2029875.0,2192699.0,2273913.0,2316367.0,2329258.0,2436846.0,2483699.0,2547779.0,2548320.0,2800358.0,2667613.0,2962215.0,2699432.0,
1886,밀양시,계,시설수[개],개,17.0,17.0,27.0,36.0,51.0,54.0,62.0,62.0,62.0,68.0,72.0,73.0,73.0,73.0,73.0,73.0,
1887,밀양시,계,면적[㎡],㎡,1265740.0,1265740.0,1301630.0,2073703.0,1580169.0,1609273.0,1650646.0,1651456.0,1650370.0,1746175.0,1801725.0,1786266.0,862919.0,893793.0,820790.0,820830.0,
1894,거제시,계,시설수[개],개,12.0,17.0,17.0,17.0,17.0,28.0,29.0,29.0,29.0,30.0,26.0,38.0,38.0,39.0,39.0,39.0,
1895,거제시,계,면적[㎡],㎡,341195.0,350105.0,350105.0,347427.0,347427.0,447951.0,524720.0,524720.0,524720.0,529948.0,481024.0,532254.0,532254.0,538921.0,538921.0,538893.0,
1902,양산시,계,시설수[개],개,97.0,97.0,97.0,59.0,59.0,202.0,210.0,214.0,214.0,224.0,240.0,240.0,240.0,249.0,250.0,237.0,
1903,양산시,계,면적[㎡],㎡,1684818.0,1684818.0,1684818.0,1637031.0,1637031.0,2578022.0,2667776.0,2704942.0,2704942.0,2836139.0,2923052.0,2923052.0,2923052.0,2830978.0,2854521.0,2112135.0,
1910,의령군,계,시설수[개],개,,,,,,,,,,,20.0,20.0,20.0,20.0,20.0,20.0,
1911,의령군,계,면적[㎡],㎡,,,,,,,,,,,174040.0,174040.0,174040.0,170335.0,170335.0,170335.0,
1918,함안군,계,시설수[개],개,11.0,11.0,11.0,11.0,11.0,11.0,11.0,11.0,12.0,12.0,17.0,17.0,15.0,15.0,15.0,12.0,
1919,함안군,계,면적[㎡],㎡,223019.0,223019.0,223019.0,220503.0,220503.0,220503.0,220503.0,220503.0,185295.0,185295.0,187208.0,187208.0,177758.0,177758.0,177758.0,103448.0,
1926,창녕군,계,시설수[개],개,11.0,11.0,11.0,9.0,12.0,12.0,12.0,11.0,11.0,11.0,11.0,7.0,7.0,4.0,29.0,25.0,
1927,창녕군,계,면적[㎡],㎡,375364.0,375364.0,375364.0,371274.0,448149.0,448149.0,448149.0,445902.0,445902.0,445902.0,445902.0,356349.0,356349.0,97126.0,387666.0,290540.0,
1934,고성군,계,시설수[개],개,3.0,3.0,3.0,3.0,29.0,30.0,32.0,32.0,32.0,33.0,33.0,33.0,56.0,57.0,57.0,59.0,
1935,고성군,계,면적[㎡],㎡,16650.0,16650.0,16650.0,16650.0,357910.0,439875.0,448981.0,448957.0,448929.0,459387.0,459387.0,459387.0,919489.0,930282.0,930282.0,942653.0,
1942,남해군,계,시설수[개],개,6.0,6.0,6.0,6.0,20.0,20.0,20.0,20.0,20.0,26.0,26.0,26.0,7.0,7.0,55.0,55.0,
1943,남해군,계,면적[㎡],㎡,14290.0,14290.0,14290.0,14290.0,107805.0,107805.0,107805.0,107805.0,107805.0,114151.0,114151.0,114151.0,7968.0,7968.0,364913.0,364913.0,
1950,하동군,계,시설수[개],개,1.0,1.0,1.0,1.0,12.0,12.0,12.0,12.0,12.0,12.0,12.0,12.0,12.0,45.0,45.0,44.0,
1951,하동군,계,면적[㎡],㎡,49050.0,49050.0,49050.0,49050.0,242566.0,242566.0,242566.0,242566.0,242566.0,242566.0,242566.0,242566.0,242566.0,498182.0,498182.0,449610.0,
1958,산청군,계,시설수[개],개,3.0,3.0,3.0,3.0,26.0,26.0,26.0,26.0,26.0,26.0,20.0,20.0,16.0,17.0,17.0,17.0,
1959,산청군,계,면적[㎡],㎡,26072.0,26072.0,26072.0,26072.0,110302.0,110302.0,110302.0,110302.0,110302.0,110302.0,66139.0,66139.0,56616.0,58390.0,58390.0,58390.0,
1966,함양군,계,시설수[개],개,4.0,4.0,4.0,8.0,10.0,15.0,15.0,15.0,15.0,15.0,15.0,14.0,27.0,28.0,28.0,25.0,
1967,함양군,계,면적[㎡],㎡,174710.0,268895.0,268895.0,369259.0,410884.0,442192.0,442192.0,442231.0,442231.0,442231.0,442231.0,424623.0,394883.0,394698.0,394698.0,220638.0,
1974,거창군,계,시설수[개],개,6.0,6.0,6.0,13.0,10.0,10.0,10.0,10.0,10.0,18.0,40.0,40.0,39.0,25.0,25.0,22.0,
1975,거창군,계,면적[㎡],㎡,233247.0,233247.0,233247.0,236307.0,226620.0,226620.0,226620.0,226620.0,226620.0,233412.0,343043.0,343043.0,287561.0,275731.0,275731.0,112811.0,
1982,합천군,계,시설수[개],개,1.0,1.0,1.0,1.0,,,,,,,,,,3.0,3.0,3.0,
1983,합천군,계,면적[㎡],㎡,22806.0,22806.0,22806.0,22806.0,,,,,,,,,,26740.0,26740.0,26740.0,
1990,제주특별자치도,계,시설수[개],개,76.0,90.0,91.0,106.0,105.0,149.0,149.0,143.0,143.0,143.0,143.0,143.0,132.0,138.0,138.0,138.0,
1991,제주특별자치도,계,면적[㎡],㎡,633360.0,687241.0,690941.0,710764.0,669544.0,756217.0,756217.0,718813.0,718813.0,718813.0,718813.0,718813.0,582075.0,585080.0,585080.0,585080.0,
1998,제주시,계,시설수[개],개,48.0,72.0,72.0,87.0,92.0,92.0,92.0,86.0,86.0,86.0,86.0,86.0,84.0,90.0,90.0,90.0,
1999,제주시,계,면적[㎡],㎡,385208.0,485783.0,485783.0,506415.0,531426.0,529992.0,529992.0,492588.0,492588.0,492588.0,492588.0,492588.0,414573.0,417578.0,417578.0,417578.0,
2006,서귀포시,계,시설수[개],개,9.0,18.0,19.0,19.0,13.0,57.0,57.0,57.0,57.0,57.0,57.0,57.0,48.0,48.0,48.0,48.0,
2007,서귀포시,계,면적[㎡],㎡,116423.0,201458.0,205158.0,204349.0,138118.0,226225.0,226225.0,226225.0,226225.0,226225.0,226225.0,226225.0,167502.0,167502.0,167502.0,167502.0,
2014,북제주군,계,시설수[개],개,10.0,,,,,,,,,,,,,,,,
2015,북제주군,계,면적[㎡],㎡,46694.0,,,,,,,,,,,,,,,,
2020,남제주군,계,시설수[개],개,9.0,,,,,,,,,,,,,,,,
2021,남제주군,계,면적[㎡],㎡,85035.0,,,,,,,,,,,,,,,,
2026,대전광역시,계,시설수[개],개,,,,,,,,,,,,,,,,1.0,
2027,대전광역시,계,면적[㎡],㎡,,,,,,,,,,,,,,,,8148.0,
