,소재지(시군구)별,도시및비도시지역별,항목,단위,2005 년,2006 년,2007 년,2008 년,2009 년,2010 년,2011 년,2012 년,2013 년,2014 년,2015 년,2016 년,2017 년,2018 년,2019 년,2020 년,Unnamed: 20
0,전국,합계,면적[㎡],㎡,99646159846.0,99678121366.0,99720391791.0,99828624206.0,99897411077.0,100033075856.0,100148218044.0,100188083308.0,100266244858.0,100283944852.0,100295350647.0,100339486207.0,100363714871.0,100377668344.0,100401285021.0,100412599274.0,
5,서울특별시,합계,면적[㎡],㎡,605396797.0,605326261.0,605252505.0,605267801.0,605253720.0,605251485.0,605207639.0,605177233.0,605204140.0,605209937.0,605250733.0,605196265.0,605242800.0,605238970.0,605237005.0,605228563.0,
10,종로구,합계,면적[㎡],㎡,23909013.0,23909484.0,23909206.0,23907843.0,23907600.0,23907423.0,23907066.0,23907125.0,23907208.0,23912968.0,23912894.0,23912883.0,23912788.0,23913318.0,23913280.0,23913172.0,
15,중구,합계,면적[㎡],㎡,9961022.0,9960989.0,9960427.0,9960389.0,9960123.0,9959933.0,9960980.0,9961047.0,9960055.0,9960182.0,9960549.0,9960930.0,9959791.0,9959837.0,9959983.0,9960308.0,
20,용산구,합계,면적[㎡],㎡,21866615.0,21866836.0,21867390.0,21867539.0,21867449.0,21867354.0,21867848.0,21868778.0,21868765.0,21868788.0,21866635.0,21866544.0,21866466.0,21866257.0,21866384.0,21866145.0,
25,성동구,합계,면적[㎡],㎡,16846911.0,16847733.0,16848048.0,16848955.0,16848502.0,16848684.0,16849230.0,16847657.0,16853805.0,16856990.0,16860497.0,16860100.0,16856985.0,16859546.0,16859343.0,16861004.0,
30,광진구,합계,면적[㎡],㎡,17059014.0,17051607.0,17053225.0,17061175.0,17062040.0,17062040.0,17063205.0,17063533.0,17062331.0,17062631.0,17063352.0,17063230.0,17063241.0,17063238.0,17062949.0,17062940.0,
35,동대문구,합계,면적[㎡],㎡,14215654.0,14213926.0,14201638.0,14201032.0,14200677.0,14200631.0,14202512.0,14201937.0,14210790.0,14210891.0,14213440.0,14215197.0,14215008.0,14215222.0,14215360.0,14215624.0,
40,중랑구,합계,면적[㎡],㎡,18502296.0,18499950.0,18499467.0,18498826.0,18495947.0,18497619.0,18497283.0,18496973.0,18497205.0,18495635.0,18495844.0,18495756.0,18495350.0,18495575.0,18496071.0,18496083.0,
45,성북구,합계,면적[㎡],㎡,24563926.0,24566023.0,24566405.0,24566313.0,24565761.0,24564862.0,24566950.0,24571370.0,24578177.0,24577482.0,24578675.0,24578665.0,24573191.0,24573425.0,24574349.0,24576835.0,
50,강북구,합계,면적[㎡],㎡,23603109.0,23604136.0,23605066.0,23610484.0,23611302.0,23612464.0,23595514.0,23596770.0,23597083.0,23596887.0,23596999.0,23596920.0,23600563.0,23600564.0,23600102.0,23600355.0,
55,도봉구,합계,면적[㎡],㎡,20798409.0,20704921.0,20703520.0,20702752.0,20702416.0,20701775.0,20701742.0,20702253.0,20702811.0,20701031.0,20710249.0,20667909.0,20668257.0,20667161.0,20660965.0,20651082.0,
60,노원구,합계,면적[㎡],㎡,35423422.0,35423406.0,35424215.0,35426386.0,35436394.0,35436378.0,35435559.0,35436698.0,35435821.0,35435912.0,35435921.0,35437921.0,35437909.0,35438003.0,35437538.0,35437648.0,
65,은평구,합계,면적[㎡],㎡,29713148.0,29709556.0,29708566.0,29690098.0,29692598.0,29693429.0,29694750.0,29698481.0,29702017.0,29702485.0,29703817.0,29704588.0,29709359.0,29708134.0,29711421.0,29710905.0,
70,서대문구,합계,면적[㎡],㎡,17613364.0,17613260.0,17605505.0,17603571.0,17602099.0,17604644.0,17604570.0,17606580.0,17607426.0,17605856.0,17606763.0,17608732.0,17626255.0,17624901.0,17625638.0,17626369.0,
75,마포구,합계,면적[㎡],㎡,23876843.0,23883472.0,23874012.0,23872788.0,23871768.0,23878863.0,23841119.0,23837765.0,23837679.0,23835775.0,23844307.0,23843621.0,23852112.0,23851231.0,23851343.0,23850355.0,
80,양천구,합계,면적[㎡],㎡,17403411.0,17403832.0,17404175.0,17404176.0,17409199.0,17404771.0,17405468.0,17398383.0,17403552.0,17403680.0,17403680.0,17406820.0,17406811.0,17406825.0,17405710.0,17405714.0,
85,강서구,합계,면적[㎡],㎡,41397727.0,41425476.0,41423805.0,41426900.0,41420961.0,41426778.0,41425528.0,41426804.0,41427231.0,41427355.0,41437725.0,41436729.0,41436825.0,41436855.0,41436853.0,41436846.0,
90,구로구,합계,면적[㎡],㎡,20113501.0,20112264.0,20110572.0,20137109.0,20119394.0,20120845.0,20121864.0,20119409.0,20118738.0,20118904.0,20118760.0,20118709.0,20119954.0,20120141.0,20120106.0,20119911.0,
95,금천구,합계,면적[㎡],㎡,13015258.0,13012641.0,13010381.0,13005024.0,12999567.0,13000338.0,13000673.0,13000821.0,13016507.0,13019920.0,13019731.0,13019304.0,13020164.0,13020303.0,13020260.0,13020252.0,
100,영등포구,합계,면적[㎡],㎡,24566411.0,24566231.0,24565910.0,24565201.0,24565152.0,24565689.0,24566803.0,24552675.0,24528724.0,24529480.0,24529569.0,24529646.0,24548177.0,24548061.0,24548520.0,24548198.0,
105,동작구,합계,면적[㎡],㎡,16346926.0,16347650.0,16348266.0,16348597.0,16348790.0,16348781.0,16352467.0,16352342.0,16353870.0,16353888.0,16353893.0,16354174.0,16354213.0,16354392.0,16354618.0,16353982.0,
110,관악구,합계,면적[㎡],㎡,29570567.0,29571653.0,29571648.0,29568831.0,29568597.0,29568333.0,29568185.0,29569597.0,29569671.0,29567355.0,29569357.0,29568727.0,29568848.0,29568890.0,29568929.0,29569356.0,
115,서초구,합계,면적[㎡],㎡,47034109.0,47033858.0,46996582.0,47002297.0,47003347.0,47003193.0,47003527.0,47001798.0,47001797.0,47001856.0,47001849.0,46982024.0,46985554.0,46982954.0,46983285.0,46981481.0,
120,강남구,합계,면적[㎡],㎡,39540725.0,39541513.0,39538235.0,39535620.0,39535494.0,39514482.0,39514032.0,39497607.0,39500873.0,39501151.0,39500681.0,39501308.0,39501152.0,39500771.0,39501013.0,39501008.0,
125,송파구,합계,면적[㎡],㎡,33877922.0,33877878.0,33878555.0,33878548.0,33877724.0,33877674.0,33875723.0,33875709.0,33874807.0,33876129.0,33876206.0,33876548.0,33874855.0,33872729.0,33872729.0,33872510.0,
130,강동구,합계,면적[㎡],㎡,24577494.0,24577966.0,24577686.0,24577347.0,24580819.0,24584502.0,24585041.0,24585121.0,24587197.0,24586706.0,24589340.0,24589280.0,24588972.0,24590637.0,24590256.0,24590480.0,
135,부산광역시,합계,면적[㎡],㎡,764434910.0,765102417.0,765641258.0,765937141.0,766116385.0,767347053.0,768408741.0,769692611.0,769863394.0,769816996.0,769832899.0,769885002.0,770035669.0,769939359.0,770073413.0,770074767.0,
140,중구,합계,면적[㎡],㎡,2804812.0,2804865.0,2804863.0,2817543.0,2817543.0,2817765.0,2817881.0,2825220.0,2825943.0,2825951.0,2826064.0,2826064.0,2825996.0,2825802.0,2825782.0,2825790.0,
145,서구,합계,면적[㎡],㎡,13688038.0,13733850.0,13728447.0,13839237.0,13883381.0,13883335.0,13883885.0,13883667.0,13926827.0,13932888.0,13940852.0,13957907.0,13978324.0,13978432.0,13979612.0,13956280.0,
150,동구,합계,면적[㎡],㎡,9758204.0,9758014.0,9779308.0,9777915.0,9777610.0,9777617.0,9733156.0,9732885.0,9732670.0,9732324.0,9736481.0,9736386.0,9736399.0,9735789.0,9865235.0,9864621.0,
155,영도구,합계,면적[㎡],㎡,14030900.0,14030710.0,14039851.0,14099579.0,14126453.0,14126788.0,14126286.0,14126113.0,14128841.0,14149226.0,14149322.0,14194746.0,14195627.0,14200648.0,14199595.0,14199798.0,
160,부산진구,합계,면적[㎡],㎡,29690162.0,29683177.0,29684496.0,29685996.0,29687766.0,29689914.0,29688573.0,29692549.0,29694082.0,29695492.0,29681083.0,29682128.0,29665979.0,29666227.0,29666238.0,29667537.0,
165,동래구,합계,면적[㎡],㎡,16641354.0,16641402.0,16639960.0,16645995.0,16634855.0,16628526.0,16628888.0,16633608.0,16634045.0,16633986.0,16634314.0,16634279.0,16632894.0,16633202.0,16631774.0,16631311.0,
170,남구,합계,면적[㎡],㎡,26022253.0,26428991.0,26451610.0,26470473.0,26622415.0,26765833.0,26807474.0,26808390.0,26808030.0,26809387.0,26808091.0,26809095.0,26812384.0,26813386.0,26818105.0,26819285.0,
175,북구,합계,면적[㎡],㎡,38301576.0,38302872.0,38303506.0,39436441.0,39436944.0,39443180.0,39358360.0,39359356.0,39365452.0,39364802.0,39364563.0,39364573.0,39365981.0,39367122.0,39370091.0,39369729.0,
180,해운대구,합계,면적[㎡],㎡,51440661.0,51436873.0,51452764.0,51456232.0,51459577.0,51460232.0,51462072.0,51462119.0,51467208.0,51466417.0,51465378.0,51472658.0,51473049.0,51476914.0,51474858.0,51502753.0,
185,사하구,합계,면적[㎡],㎡,40890218.0,40936057.0,40939032.0,40939689.0,40950616.0,40956340.0,41717729.0,41723836.0,41725118.0,41746976.0,41750891.0,41751893.0,41886457.0,41770795.0,41769978.0,41770878.0,
190,금정구,합계,면적[㎡],㎡,65200641.0,65279490.0,65128737.0,65159038.0,65175555.0,65174875.0,65200156.0,65191609.0,65265858.0,65270234.0,65272984.0,65273185.0,65274389.0,65278223.0,65274057.0,65262004.0,
195,강서구,합계,면적[㎡],㎡,179914171.0,180005773.0,180573374.0,179272426.0,179142595.0,180242514.0,180584736.0,181609350.0,181634872.0,181495220.0,181507201.0,181484338.0,181491529.0,181496515.0,181494645.0,181495481.0,
200,연제구,합계,면적[㎡],㎡,12079030.0,12079057.0,12079009.0,12078325.0,12078226.0,12078943.0,12078941.0,12078959.0,12078999.0,12079367.0,12097272.0,12099127.0,12098570.0,12098453.0,12098903.0,12099534.0,
205,수영구,합계,면적[㎡],㎡,10211899.0,10210027.0,10214518.0,10203543.0,10203844.0,10204078.0,10204019.0,10204167.0,10205442.0,10205459.0,10205709.0,10205843.0,10206904.0,10207092.0,10212429.0,10212703.0,
210,사상구,합계,면적[㎡],㎡,35838808.0,35838638.0,35841075.0,36043942.0,36060795.0,36060307.0,36060326.0,36087136.0,36087187.0,36087946.0,36092975.0,36092999.0,36093166.0,36093162.0,36093426.0,36101154.0,
215,기장군,합계,면적[㎡],㎡,217922183.0,217932621.0,217980708.0,218010767.0,218058210.0,218036806.0,218056259.0,218273647.0,218282820.0,218321321.0,218299719.0,218299781.0,218298021.0,218297597.0,218298685.0,218295909.0,
220,대구광역시,합계,면적[㎡],㎡,884455509.0,884327108.0,884096316.0,884104928.0,884067460.0,884098403.0,883683229.0,883632421.0,883482974.0,883540110.0,883562680.0,883561378.0,883603108.0,883519271.0,883517309.0,883487489.0,
225,대구광역시,합계,면적[㎡],㎡,884455509.0,884327108.0,884096316.0,,,,,,,,,,,,,,
230,중구,합계,면적[㎡],㎡,,,,7069444.0,7059009.0,7058987.0,7054155.0,7054176.0,7055893.0,7055268.0,7055264.0,7054680.0,7056370.0,7055439.0,7055185.0,7055049.0,
235,동구,합계,면적[㎡],㎡,,,,182214222.0,182217242.0,182219302.0,182217312.0,182163257.0,182164816.0,182173779.0,182191484.0,182183903.0,182161631.0,182160590.0,182145982.0,182137624.0,
240,서구,합계,면적[㎡],㎡,,,,17484740.0,17481752.0,17482599.0,17482738.0,17482649.0,17353160.0,17325849.0,17326096.0,17328554.0,17328302.0,17328460.0,17333125.0,17319972.0,
245,남구,합계,면적[㎡],㎡,,,,17436410.0,17434883.0,17434688.0,17434007.0,17435317.0,17435317.0,17435544.0,17435694.0,17435147.0,17428915.0,17430110.0,17431532.0,17431244.0,
250,북구,합계,면적[㎡],㎡,,,,94113086.0,94098858.0,94090373.0,94082413.0,94080734.0,94078613.0,94075890.0,94070532.0,94072524.0,94071813.0,93979569.0,93983908.0,93985404.0,
255,수성구,합계,면적[㎡],㎡,,,,76461620.0,76458873.0,76462901.0,76462068.0,76467812.0,76464885.0,76466610.0,76465609.0,76466396.0,76536623.0,76534405.0,76535345.0,76536913.0,
260,달서구,합계,면적[㎡],㎡,,,,62342890.0,62341646.0,62342296.0,62342471.0,62341070.0,62341087.0,62340753.0,62341541.0,62339776.0,62343286.0,62341432.0,62339700.0,62340043.0,
265,달성군,합계,면적[㎡],㎡,,,,426982516.0,426975197.0,427007257.0,426608065.0,426607406.0,426589203.0,426666417.0,426676460.0,426680398.0,426676168.0,426689266.0,426692532.0,426681240.0,
270,인천광역시,합계,면적[㎡],㎡,994123686.0,1002067262.0,1007468121.0,1010349166.0,1027005760.0,1029440029.0,1032414331.0,1040822751.0,1040875891.0,1047598223.0,1048981364.0,1062599731.0,1063115331.0,1063271304.0,1063257852.0,1065225940.0,
275,중구,합계,면적[㎡],㎡,110941374.0,114596565.0,115150564.0,115246236.0,121147486.0,123094326.0,123079615.0,131294491.0,131288370.0,133195290.0,133458509.0,140186218.0,140274744.0,140278158.0,140286900.0,140355548.0,
280,동구,합계,면적[㎡],㎡,7025932.0,7111513.0,7186458.0,7185951.0,7187345.0,7187364.0,7188887.0,7189236.0,7189826.0,7190995.0,7191313.0,7191314.0,7193925.0,7194484.0,7194831.0,7196852.0,
285,남구,합계,면적[㎡],㎡,24449894.0,24471384.0,24463394.0,24852416.0,24846757.0,24848718.0,24839181.0,24838016.0,24839807.0,24841218.0,24841193.0,24839163.0,24834652.0,,,,
290,미추홀구,합계,면적[㎡],㎡,,,,,,,,,,,,,,24834640.0,24835030.0,24835030.0,
295,연수구,합계,면적[㎡],㎡,30552387.0,33763536.0,33761687.0,33713889.0,42745685.0,42746625.0,45568187.0,45568274.0,45568273.0,49067620.0,50072589.0,54946786.0,54946952.0,54947866.0,54947866.0,56192451.0,
300,남동구,합계,면적[㎡],㎡,56846367.0,56823855.0,56845516.0,56863721.0,56859323.0,56990344.0,57013499.0,57014724.0,57009225.0,57032165.0,57032231.0,57051952.0,57055358.0,57048595.0,57016644.0,57453964.0,
305,부평구,합계,면적[㎡],㎡,31980724.0,31984730.0,31986698.0,31992489.0,31987810.0,31997161.0,31998525.0,31998666.0,32002420.0,32002203.0,32003696.0,32003262.0,32007510.0,32008788.0,32008762.0,32002686.0,
310,계양구,합계,면적[㎡],㎡,45579938.0,45574078.0,45568114.0,45562460.0,45576667.0,45573482.0,45574097.0,45572956.0,45569113.0,45568676.0,45571145.0,45571482.0,45569771.0,45565926.0,45565180.0,45570690.0,
315,서구,합계,면적[㎡],㎡,111147435.0,112190835.0,112201623.0,113522853.0,113623690.0,113911169.0,113909341.0,114006896.0,114005951.0,115168901.0,115184827.0,116902708.0,116902904.0,117084799.0,117087390.0,117265219.0,
320,강화군,합계,면적[㎡],㎡,411264383.0,411189855.0,411304222.0,411274229.0,411330560.0,411235079.0,411321935.0,411351402.0,411330788.0,411433046.0,411434328.0,411428019.0,411446461.0,411426993.0,411411035.0,411420693.0,
325,옹진군,합계,면적[㎡],㎡,164335252.0,164360911.0,168999845.0,170134922.0,171700437.0,171855761.0,171921064.0,171988090.0,172072118.0,172098109.0,172191533.0,172478827.0,172883054.0,172881055.0,172904214.0,172932807.0,
330,광주광역시,합계,면적[㎡],㎡,501410850.0,501313667.0,501284158.0,501200854.0,501250758.0,501242318.0,501187243.0,501177097.0,501176516.0,501177834.0,501154498.0,501244363.0,501181188.0,501175533.0,501136261.0,501128395.0,
335,광주광역시,합계,면적[㎡],㎡,501410850.0,,,,,,,,,,,,,,,,
340,동구,합계,면적[㎡],㎡,,48865471.0,48862767.0,48861119.0,48861191.0,48860030.0,49196644.0,49196895.0,49195517.0,49206954.0,49205592.0,49319022.0,49317392.0,49312882.0,49312364.0,49314806.0,
345,서구,합계,면적[㎡],㎡,,46733065.0,46726999.0,46714061.0,46711902.0,46710902.0,47780974.0,47777927.0,47789619.0,47785058.0,47779248.0,47776114.0,47775736.0,47760519.0,47748121.0,47755168.0,
350,남구,합계,면적[㎡],㎡,,61081510.0,61075902.0,61030132.0,61022890.0,61020263.0,61022269.0,61009170.0,60994653.0,60989168.0,60984269.0,60980877.0,60984158.0,61024995.0,61018238.0,60990416.0,
355,북구,합계,면적[㎡],㎡,,121750881.0,121741774.0,121736016.0,121737917.0,121738415.0,120297717.0,120296072.0,120299468.0,120301295.0,120301780.0,120308865.0,120305295.0,120297255.0,120280473.0,120273559.0,
360,광산구,합계,면적[㎡],㎡,,222882740.0,222876716.0,222859526.0,222916858.0,222912708.0,222889639.0,222897033.0,222897259.0,222895359.0,222883609.0,222859485.0,222798607.0,222779882.0,222777065.0,222794446.0,
365,대전광역시,합계,면적[㎡],㎡,539777615.0,539790559.0,539643876.0,539845271.0,539862175.0,539903766.0,539966056.0,540146674.0,540237599.0,539283131.0,539348970.0,539347564.0,539464180.0,539532358.0,539626515.0,539663500.0,
370,동구,합계,면적[㎡],㎡,136782899.0,136748544.0,136621249.0,136612140.0,136613108.0,136611565.0,136626852.0,136642664.0,136672764.0,136651263.0,136652283.0,136661184.0,136670953.0,136679185.0,136679755.0,136683709.0,
375,중구,합계,면적[㎡],㎡,61977158.0,61980505.0,62009668.0,62129745.0,62128048.0,62134513.0,62129925.0,62128539.0,62131303.0,62137206.0,62142765.0,62144187.0,62141749.0,62179923.0,62179185.0,62179042.0,
380,서구,합계,면적[㎡],㎡,95392708.0,95398105.0,95312268.0,95385316.0,95400642.0,95419835.0,95478882.0,95480051.0,95473252.0,95476240.0,95494224.0,95497363.0,95505943.0,95477107.0,95525521.0,95530568.0,
385,유성구,합계,면적[㎡],㎡,177184663.0,177217127.0,177244315.0,177248121.0,177268179.0,177284487.0,177266336.0,177233011.0,177279478.0,176333056.0,176370237.0,176361081.0,176455997.0,176504416.0,176529023.0,176554223.0,
390,대덕구,합계,면적[㎡],㎡,68440187.0,68446278.0,68456376.0,68469949.0,68452198.0,68453366.0,68464061.0,68662409.0,68680802.0,68685366.0,68689461.0,68683749.0,68689538.0,68691727.0,68713031.0,68715958.0,
395,울산광역시,합계,면적[㎡],㎡,1057142112.0,1057098229.0,1057262776.0,1057501546.0,1058197376.0,1058951724.0,1059997863.0,1060191838.0,1060455904.0,1060749509.0,1060956192.0,1060794253.0,1061177047.0,1061543887.0,1062038815.0,1062086169.0,
400,중구,합계,면적[㎡],㎡,36977256.0,36995100.0,36991529.0,36986210.0,36988885.0,36988745.0,36985669.0,37001731.0,37003527.0,37008944.0,37008819.0,37009540.0,37009056.0,37010139.0,37010509.0,37007264.0,
405,남구,합계,면적[㎡],㎡,72061466.0,72112640.0,72130087.0,72179677.0,72552058.0,72553102.0,72690413.0,72694760.0,72696062.0,72994003.0,73021121.0,73045500.0,73460663.0,73466681.0,73466522.0,73510698.0,
410,동구,합계,면적[㎡],㎡,35771110.0,35770179.0,35773441.0,35882808.0,35939252.0,36011532.0,36017449.0,36031186.0,36031339.0,36032158.0,36035629.0,36036842.0,36036515.0,36047776.0,36074686.0,36074908.0,
415,북구,합계,면적[㎡],㎡,157293716.0,157309544.0,157353360.0,157376736.0,157377214.0,157347666.0,157343585.0,157342221.0,157337492.0,157324745.0,157325026.0,157327565.0,157335925.0,157340357.0,157357088.0,157351672.0,
420,울주군,합계,면적[㎡],㎡,755038564.0,754910766.0,755014359.0,755076115.0,755339967.0,756050679.0,756960747.0,757121940.0,757387484.0,757389659.0,757565597.0,757374806.0,757334888.0,757678934.0,758130010.0,758141627.0,
425,세종특별자치시,합계,면적[㎡],㎡,,,,,,,,464883252.0,464900371.0,464897404.0,464866065.0,464868526.0,464893067.0,464912495.0,464949680.0,464912366.0,
430,세종특별자치시,합계,면적[㎡],㎡,,,,,,,,464883252.0,464900371.0,464897404.0,464866065.0,464868526.0,464893067.0,464912495.0,464949680.0,464912366.0,
435,경기도,합계,면적[㎡],㎡,10130860850.0,10131686419.0,10132240202.0,10133953766.0,10135933790.0,10167146613.0,10170686161.0,10172287941.0,10172626434.0,10172685438.0,10175339913.0,10183458408.0,10186590541.0,10187788177.0,10192514247.0,10195268700.0,
440,수원시,합계,면적[㎡],㎡,121051987.0,121053320.0,121065757.0,121010329.0,121006257.0,121008573.0,121016279.0,121011586.0,121048993.0,121047968.0,121050957.0,121054135.0,121054375.0,121041549.0,121092176.0,121091682.0,
445,성남시,합계,면적[㎡],㎡,141764235.0,141751487.0,141742914.0,141723357.0,141708098.0,141700139.0,141686375.0,141677742.0,141691606.0,141694550.0,141664693.0,141664549.0,141659163.0,141638215.0,141633070.0,141632157.0,
450,고양시,합계,면적[㎡],㎡,267311268.0,267334422.0,267359810.0,267411540.0,267436948.0,267451947.0,267475449.0,268044372.0,268051190.0,268060908.0,268077190.0,268095876.0,268059218.0,268076620.0,268088330.0,268102339.0,
455,용인시,합계,면적[㎡],㎡,591451458.0,591347485.0,591317957.0,591322869.0,591357119.0,591346456.0,591365640.0,591381346.0,591330369.0,591347090.0,591323715.0,591339197.0,591350941.0,591289210.0,591259247.0,591231394.0,
460,부천시,합계,면적[㎡],㎡,53441319.0,53497089.0,53438436.0,53436090.0,53436931.0,53436892.0,53435940.0,53435859.0,53435717.0,53434108.0,53437499.0,53439860.0,53442446.0,53444252.0,53446246.0,53451957.0,
465,안산시,합계,면적[㎡],㎡,147134202.0,147913503.0,148046559.0,148482307.0,149067410.0,149119492.0,149398951.0,149397804.0,149495853.0,149500412.0,150794392.0,154231419.0,155198095.0,155642325.0,155730955.0,156333606.0,
470,안양시,합계,면적[㎡],㎡,58516932.0,58466976.0,58468179.0,58457756.0,58458643.0,58458965.0,58459113.0,58459570.0,58462744.0,58471531.0,58470526.0,58500269.0,58497532.0,58463654.0,58467312.0,58472851.0,
475,남양주시,합계,면적[㎡],㎡,458390815.0,458442640.0,458502112.0,458533224.0,458054757.0,458039675.0,458062710.0,458055105.0,458054145.0,458098292.0,458022769.0,458051703.0,458070891.0,458101929.0,458115470.0,458144350.0,
480,화성시,합계,면적[㎡],㎡,688229567.0,688326273.0,688372656.0,688284210.0,689227185.0,689253956.0,689480014.0,689578383.0,689660988.0,689656657.0,689734344.0,693918353.0,693952248.0,693924902.0,697766499.0,698179782.0,
485,평택시,합계,면적[㎡],㎡,453067351.0,453018709.0,453305830.0,454627273.0,455180304.0,455733996.0,457380928.0,457471647.0,457464147.0,457472795.0,458124341.0,458081968.0,458076120.0,458264764.0,458244178.0,458242535.0,
490,의정부시,합계,면적[㎡],㎡,81598379.0,81580528.0,81579202.0,81540067.0,81543530.0,81540924.0,81540848.0,81542177.0,81542065.0,81542694.0,81535735.0,81539185.0,81539418.0,81542958.0,81544832.0,81546632.0,
495,시흥시,합계,면적[㎡],㎡,134402303.0,134523107.0,134558319.0,134573022.0,135008188.0,135032296.0,135027919.0,135021695.0,135014600.0,135056862.0,135790207.0,135795688.0,137607939.0,138652287.0,138660046.0,139680132.0,
500,파주시,합계,면적[㎡],㎡,672567532.0,672607203.0,672420741.0,672469231.0,672425017.0,672789374.0,672610067.0,672658607.0,672769147.0,672780051.0,672888154.0,672834018.0,673115033.0,673207364.0,673229199.0,673861018.0,
505,광명시,합계,면적[㎡],㎡,38509242.0,38510090.0,38506473.0,38503382.0,38503654.0,38505908.0,38516255.0,38515199.0,38513614.0,38518262.0,38516784.0,38517879.0,38520232.0,38525106.0,38526428.0,38528652.0,
510,김포시,합계,면적[㎡],㎡,276635531.0,276576820.0,276629938.0,276601415.0,276549846.0,276666884.0,276649891.0,276641513.0,276633483.0,276614787.0,276594489.0,276596966.0,276600491.0,276601538.0,276612088.0,276606185.0,
515,군포시,합계,면적[㎡],㎡,36361826.0,36356455.0,36358967.0,36360770.0,36361060.0,36361220.0,36363040.0,36460654.0,36459849.0,36410268.0,36410419.0,36412063.0,36415885.0,36416296.0,36416854.0,36416696.0,
520,광주시,합계,면적[㎡],㎡,431490287.0,431010689.0,430964918.0,430963328.0,430967711.0,430984445.0,430993540.0,430986077.0,430999681.0,430988595.0,431054603.0,431024613.0,431016915.0,430986232.0,430990347.0,430988537.0,
525,이천시,합계,면적[㎡],㎡,461232321.0,461276396.0,461286533.0,461283667.0,461294711.0,461297913.0,461343952.0,461307179.0,461357911.0,461361212.0,461363641.0,461380578.0,461426221.0,461402250.0,461421891.0,461430422.0,
530,양주시,합계,면적[㎡],㎡,310240071.0,310306294.0,310338631.0,310211337.0,310224187.0,310290756.0,310310180.0,310317437.0,310363943.0,310284292.0,310280977.0,310335183.0,310315259.0,310335583.0,310390297.0,310428456.0,
535,오산시,합계,면적[㎡],㎡,42755321.0,42754017.0,42753982.0,42768674.0,42770397.0,42770251.0,42770160.0,42736653.0,42731717.0,42734237.0,42730887.0,42727552.0,42726512.0,42722587.0,42707724.0,42705788.0,
540,구리시,합계,면적[㎡],㎡,33295759.0,33298186.0,33302104.0,33301364.0,33301915.0,33305087.0,33306493.0,33309794.0,33311155.0,33311429.0,33312014.0,33310589.0,33311789.0,33316965.0,33325064.0,33329250.0,
545,안성시,합계,면적[㎡],㎡,553459623.0,553466887.0,553505147.0,553507482.0,553477578.0,553461827.0,553474709.0,553436930.0,553443784.0,553430697.0,553410031.0,553392068.0,553397808.0,553398042.0,553418704.0,553460874.0,
550,포천시,합계,면적[㎡],㎡,826411967.0,826410979.0,826498296.0,826483205.0,826475901.0,826474171.0,826562000.0,826601132.0,826728201.0,826672548.0,826521808.0,826565850.0,826648999.0,826652314.0,826957493.0,826914482.0,
555,의왕시,합계,면적[㎡],㎡,53998953.0,54001759.0,54003117.0,54004429.0,54010853.0,54010688.0,54007686.0,54007689.0,53991233.0,53985682.0,53986174.0,53989366.0,53986775.0,53987839.0,53987611.0,54034386.0,
560,하남시,합계,면적[㎡],㎡,93073753.0,93069364.0,93066352.0,93038715.0,93040998.0,93041642.0,93036328.0,93036979.0,93032938.0,93031146.0,93028094.0,93028156.0,93006863.0,92992059.0,92991186.0,92987242.0,
565,여주시,합계,면적[㎡],㎡,,,,,,,,,608316175.0,608386082.0,608316183.0,608368019.0,608336502.0,608312726.0,608298372.0,608264029.0,
570,여주군,합계,면적[㎡],㎡,607864868.0,607834134.0,607784161.0,607716859.0,607722944.0,607735496.0,608290689.0,608366733.0,,,,,,,,,
575,양평군,합계,면적[㎡],㎡,877734227.0,877802862.0,877808427.0,877806719.0,877754605.0,877764325.0,877773963.0,877806145.0,877776441.0,877777974.0,877690918.0,877691672.0,877693097.0,877727400.0,877651360.0,877693231.0,
580,동두천시,합계,면적[㎡],㎡,95666326.0,95660622.0,95660712.0,95660305.0,95658330.0,95655367.0,95658900.0,95659336.0,95659108.0,95660761.0,95667585.0,95673724.0,95658808.0,95663249.0,95664308.0,95666945.0,
585,과천시,합계,면적[㎡],㎡,35851905.0,35852616.0,35852307.0,35855199.0,35857770.0,35857521.0,35865994.0,35866155.0,35866371.0,35866821.0,35866891.0,35867547.0,35868073.0,35868007.0,35868319.0,35870153.0,
590,가평군,합계,면적[㎡],㎡,843398948.0,843395895.0,843461324.0,843477449.0,843487626.0,843579595.0,843602585.0,843560258.0,843587998.0,843621640.0,843663883.0,843708790.0,843724879.0,843271028.0,843690575.0,843664737.0,
595,연천군,합계,면적[㎡],㎡,643952574.0,644239612.0,644280341.0,644538192.0,644563317.0,674470832.0,675219563.0,675936185.0,675831268.0,675865087.0,676010010.0,676321573.0,676312014.0,676318927.0,676318066.0,676308200.0,
600,강원도,합계,면적[㎡],㎡,16613456292.0,16613186292.0,16612886505.0,16613950097.0,16613283575.0,16693076227.0,16787192995.0,16790205021.0,16829809156.0,16825577544.0,16826410814.0,16827122799.0,16827800316.0,16827911967.0,16828280729.0,16829677669.0,
605,춘천시,합계,면적[㎡],㎡,1116848187.0,1116795510.0,1116775875.0,1116643200.0,1116562246.0,1116589646.0,1116445417.0,1116427842.0,1116411447.0,1116382139.0,1116364202.0,1116409986.0,1116403402.0,1116358004.0,1116373900.0,1116401656.0,
610,원주시,합계,면적[㎡],㎡,867304198.0,867282568.0,867392733.0,867355848.0,867476076.0,872555469.0,872454845.0,872434463.0,872410809.0,867973342.0,867815241.0,868283081.0,868269598.0,868267722.0,868240238.0,868228517.0,
615,강릉시,합계,면적[㎡],㎡,1040071080.0,1040070571.0,1039772002.0,1039823871.0,1039713153.0,1039745527.0,1039995742.0,1040209048.0,1040382339.0,1040377730.0,1040381389.0,1040343604.0,1040709436.0,1040793380.0,1040783864.0,1040782377.0,
620,동해시,합계,면적[㎡],㎡,180045423.0,180062555.0,180069536.0,180073209.0,180131863.0,180171015.0,180194142.0,180197293.0,180196095.0,180195361.0,180197950.0,180207886.0,180206138.0,180204937.0,180201980.0,180207419.0,
625,태백시,합계,면적[㎡],㎡,303565324.0,303536852.0,303518131.0,303516714.0,303527717.0,303521503.0,303401643.0,303479336.0,303444888.0,303466994.0,303475779.0,303475689.0,303495317.0,303530036.0,303521188.0,303488907.0,
630,속초시,합계,면적[㎡],㎡,105263380.0,105275419.0,105293837.0,105300367.0,105306476.0,105362697.0,105422577.0,105583338.0,105626024.0,105701807.0,105721485.0,105718137.0,105735518.0,105759305.0,105760448.0,105761438.0,
635,삼척시,합계,면적[㎡],㎡,1185781963.0,1185940341.0,1186004676.0,1186048153.0,1186146091.0,1186112273.0,1186475406.0,1186668693.0,1186636684.0,1186532911.0,1187087624.0,1186997759.0,1186955786.0,1187155923.0,1187839038.0,1187808258.0,
640,홍천군,합계,면적[㎡],㎡,1817938659.0,1817964846.0,1817958890.0,1818679065.0,1818894884.0,1819156532.0,1819465538.0,1819670858.0,1819670463.0,1819768169.0,1819829902.0,1820144861.0,1820278031.0,1820182075.0,1820310462.0,1820343873.0,
645,횡성군,합계,면적[㎡],㎡,997902981.0,997770974.0,997719768.0,997711121.0,997682412.0,997475053.0,997491192.0,997632309.0,997756504.0,997661894.0,997732131.0,997747190.0,998098360.0,998060942.0,998066556.0,998067063.0,
650,영월군,합계,면적[㎡],㎡,1127415368.0,1127603743.0,1127422461.0,1127456265.0,1127499908.0,1127485681.0,1127374709.0,1127617264.0,1127628448.0,1127638642.0,1127618097.0,1127615088.0,1127635482.0,1127425215.0,1127289702.0,1127324868.0,
655,평창군,합계,면적[㎡],㎡,1464043615.0,1464231828.0,1464251370.0,1464161361.0,1464064234.0,1463541408.0,1463518994.0,1463565894.0,1463696217.0,1463765960.0,1463828031.0,1463831419.0,1463894643.0,1464050364.0,1463928054.0,1463955085.0,
660,정선군,합계,면적[㎡],㎡,1220471156.0,1219910056.0,1219928995.0,1219579413.0,1219544128.0,1219532700.0,1219557959.0,1219703932.0,1219695224.0,1219720712.0,1219727074.0,1219735834.0,1219774519.0,1219774230.0,1219777976.0,1219861457.0,
665,철원군,합계,면적[㎡],㎡,796876891.0,796836728.0,796673610.0,796745304.0,796581926.0,796599610.0,889597262.0,889440324.0,889434569.0,889425756.0,889458111.0,889457459.0,889473417.0,889471492.0,889682311.0,889693627.0,
670,화천군,합계,면적[㎡],㎡,909067188.0,909034143.0,909077762.0,909097135.0,908062606.0,908141990.0,908167890.0,908659328.0,908968093.0,908969956.0,908918125.0,908933859.0,908922134.0,908924949.0,908931856.0,908933905.0,
675,양구군,합계,면적[㎡],㎡,646779362.0,646737875.0,646777902.0,647177892.0,647219997.0,647210942.0,647463428.0,648173278.0,661896384.0,661887501.0,661889821.0,661839242.0,661814926.0,661815919.0,661819106.0,661967036.0,
680,인제군,합계,면적[㎡],㎡,1620947813.0,1620985715.0,1621034968.0,1621229428.0,1621103979.0,1620412438.0,1620373687.0,1620425265.0,1645150711.0,1645145635.0,1645174946.0,1645196110.0,1645179452.0,1645178636.0,1644967141.0,1646099211.0,
685,고성군,합계,면적[㎡],㎡,584382210.0,584394631.0,584399101.0,584447626.0,584449436.0,660234806.0,660359921.0,660452219.0,660942613.0,661099299.0,661113075.0,661099081.0,660858939.0,660871395.0,660707506.0,660747838.0,
690,양양군,합계,면적[㎡],㎡,628751494.0,628751937.0,628814888.0,628904125.0,629316443.0,629226937.0,629432643.0,629864337.0,629861644.0,629863736.0,630077831.0,630086514.0,630095218.0,630087443.0,630079403.0,630005134.0,
695,충청북도,합계,면적[㎡],㎡,7431442381.0,7432398569.0,7431503964.0,7433235029.0,7433175081.0,7433193672.0,7433260006.0,7406237793.0,7407193811.0,7407131497.0,7407216956.0,7407292772.0,7407669369.0,7407846536.0,7406819938.0,7406954883.0,
700,청주시,합계,면적[㎡],㎡,153435964.0,153439610.0,153451317.0,153450609.0,153447450.0,153451333.0,153448127.0,153445467.0,153442410.0,940310983.0,940300133.0,940329655.0,940801577.0,940910973.0,940844524.0,940816030.0,
705,충주시,합계,면적[㎡],㎡,984088027.0,983990750.0,983775719.0,983763847.0,983743541.0,983735641.0,983670960.0,983662816.0,983665638.0,983583416.0,983569448.0,983549990.0,983525195.0,983490948.0,983477555.0,983594343.0,
710,제천시,합계,면적[㎡],㎡,882480762.0,884045684.0,883013328.0,883024749.0,883091557.0,883166346.0,883178339.0,883230192.0,883434838.0,883439033.0,883468040.0,883535904.0,883397741.0,883435260.0,883422112.0,883490516.0,
715,청원군,합계,면적[㎡],㎡,814185812.0,814161711.0,814127685.0,814168851.0,814191906.0,814201150.0,814129858.0,786840576.0,786836802.0,,,,,,,,
720,보은군,합계,면적[㎡],㎡,584472440.0,584256447.0,584258790.0,584146184.0,584040610.0,583991939.0,584153086.0,584162409.0,584254563.0,584255799.0,584257107.0,584301826.0,584221931.0,584160691.0,584207531.0,584207834.0,
725,옥천군,합계,면적[㎡],㎡,537069329.0,537078166.0,537294192.0,537075573.0,537041124.0,536950867.0,537032923.0,537060311.0,537087721.0,537092206.0,537110961.0,537124166.0,537170225.0,537208419.0,537221176.0,537252324.0,
730,영동군,합계,면적[㎡],㎡,845032992.0,844931502.0,844999032.0,845523313.0,845545714.0,845370902.0,845434724.0,845509215.0,845581636.0,845614026.0,845724360.0,845843825.0,845960442.0,846032724.0,846016198.0,846053888.0,
735,진천군,합계,면적[㎡],㎡,405976514.0,405904280.0,406086253.0,407017568.0,407094633.0,407233947.0,407240733.0,407259843.0,407260800.0,407248844.0,407256586.0,407238786.0,407251212.0,407244203.0,407303348.0,407329963.0,
740,괴산군,합계,면적[㎡],㎡,842187570.0,842109620.0,842107371.0,842146538.0,842105084.0,842143038.0,841988695.0,841898325.0,842437075.0,842420939.0,842344425.0,842190365.0,842157982.0,842156668.0,842189020.0,842141683.0,
745,음성군,합계,면적[㎡],㎡,520534395.0,520489251.0,520438284.0,520420469.0,520400801.0,520364529.0,520330359.0,520316119.0,520301425.0,520278822.0,520267639.0,520259547.0,520233402.0,520204363.0,520182166.0,520165050.0,
750,단양군,합계,면적[㎡],㎡,780150835.0,780160444.0,780120482.0,780665615.0,780646300.0,780760701.0,780825177.0,781023241.0,781060594.0,781062280.0,781105287.0,781114314.0,781147472.0,781197250.0,780158660.0,780097855.0,
755,증평군,합계,면적[㎡],㎡,81827741.0,81831104.0,81831511.0,81831713.0,81826361.0,81823279.0,81827025.0,81829279.0,81830309.0,81825149.0,81812970.0,81804394.0,81802190.0,81805037.0,81797648.0,81805397.0,
760,충청남도,합계,면적[㎡],㎡,8600521146.0,8599865327.0,8600152708.0,8600945509.0,8629223326.0,8630247238.0,8630125126.0,8204002282.0,8204507143.0,8213680754.0,8213989028.0,8226139270.0,8226374004.0,8229199361.0,8245540722.0,8246168302.0,
765,천안시,합계,면적[㎡],㎡,636246810.0,636182518.0,636213857.0,636208069.0,636232921.0,636218788.0,636124816.0,636071101.0,636072477.0,636116512.0,636138971.0,636065479.0,636078527.0,636020041.0,636082715.0,636094067.0,
770,공주시,합계,면적[㎡],㎡,940736530.0,940495278.0,940354300.0,940362936.0,940410795.0,940406190.0,940393935.0,864273395.0,864287889.0,864255435.0,864197462.0,864192490.0,864209646.0,864195334.0,864152740.0,864149392.0,
775,보령시,합계,면적[㎡],㎡,568939235.0,568970717.0,569013766.0,568985966.0,569151980.0,569321308.0,569319947.0,569337235.0,569386453.0,569420623.0,569403169.0,573775191.0,573896410.0,574075175.0,586558277.0,586744619.0,
780,아산시,합계,면적[㎡],㎡,542161748.0,542174776.0,542185304.0,542160553.0,542147928.0,542181020.0,542181908.0,542183018.0,542176204.0,542169461.0,542235645.0,542241256.0,542623901.0,542786825.0,542795756.0,542850916.0,
785,서산시,합계,면적[㎡],㎡,740363691.0,740384126.0,740562488.0,740551782.0,740585264.0,740657059.0,740634630.0,740804464.0,740777886.0,740815814.0,741186337.0,741214798.0,741304975.0,741308860.0,742026668.0,742144894.0,
790,논산시,합계,면적[㎡],㎡,554753404.0,554977813.0,554832925.0,554852154.0,554842929.0,554834582.0,554810965.0,554802375.0,554782796.0,554731136.0,554752851.0,554747848.0,555178610.0,555161063.0,555580413.0,555623983.0,
795,계룡시,합계,면적[㎡],㎡,60681981.0,60757461.0,60734160.0,60743168.0,60788849.0,60781119.0,60701882.0,60709091.0,60711347.0,60716082.0,60722522.0,60722637.0,60721047.0,60721466.0,60698855.0,60698958.0,
800,당진시,합계,면적[㎡],㎡,,,,,,,,694878723.0,695483716.0,704253983.0,704160409.0,704259628.0,704435299.0,705395320.0,705424109.0,705478955.0,
805,당진군,합계,면적[㎡],㎡,664788027.0,664728338.0,665521742.0,666104466.0,694133306.0,694757307.0,694757268.0,,,,,,,,,,
810,금산군,합계,면적[㎡],㎡,576282503.0,576292853.0,576284551.0,576288992.0,576336247.0,576641790.0,576664262.0,576685198.0,576714885.0,577113968.0,577141243.0,577179230.0,577206740.0,577221682.0,577237130.0,577202257.0,
815,연기군,합계,면적[㎡],㎡,361422376.0,361381532.0,361358763.0,361396719.0,361379940.0,361380328.0,361433218.0,,,,,,,,,,
820,부여군,합계,면적[㎡],㎡,624530044.0,624497495.0,624476918.0,624671859.0,624667208.0,624584139.0,624559953.0,624566726.0,624334267.0,624358552.0,624183864.0,624527881.0,624534704.0,624524031.0,624534630.0,624614672.0,
825,서천군,합계,면적[㎡],㎡,358032099.0,358007883.0,358011266.0,358023485.0,358014283.0,358039507.0,358040359.0,358047346.0,358130048.0,358110171.0,358075120.0,365618940.0,365705778.0,366143329.0,366115806.0,366132085.0,
830,청양군,합계,면적[㎡],㎡,479682377.0,479339494.0,479340821.0,479316733.0,479307898.0,479232346.0,479229868.0,479222746.0,479212049.0,479214253.0,479207001.0,479202144.0,479114992.0,479112196.0,479099966.0,479098493.0,
835,홍성군,합계,면적[㎡],㎡,443823023.0,443930256.0,443939390.0,444030984.0,443959297.0,443972723.0,443951931.0,443971106.0,443985187.0,443978581.0,443978647.0,443988849.0,442873860.0,444076349.0,446698483.0,446695189.0,
840,예산군,합계,면적[㎡],㎡,543132148.0,542808623.0,542280874.0,542253173.0,542309136.0,542225506.0,542292176.0,542311828.0,542326214.0,542344349.0,542571102.0,542622151.0,542664454.0,542627549.0,542648184.0,542660707.0,
845,태안군,합계,면적[㎡],㎡,504945150.0,504936164.0,505041583.0,504994470.0,504955345.0,505013526.0,505028008.0,516137930.0,516125725.0,516081834.0,516034685.0,515780748.0,515825061.0,515830141.0,515886990.0,515979115.0,
850,전라북도,합계,면적[㎡],㎡,8054620566.0,8054841168.0,8062975429.0,8061413009.0,8061401300.0,8066755163.0,8067075955.0,8066593529.0,8066435303.0,8067249345.0,8066810103.0,8069051355.0,8068973527.0,8069069523.0,8069138982.0,8069835802.0,
855,전주시,합계,면적[㎡],㎡,206230257.0,206255244.0,206208192.0,206109762.0,206098255.0,206012949.0,206026867.0,206027265.0,205618508.0,205569482.0,205531202.0,205529176.0,205484489.0,206080596.0,206040841.0,206043439.0,
860,군산시,합계,면적[㎡],㎡,382229297.0,382263257.0,390085386.0,390132997.0,390198891.0,394937793.0,395510238.0,394852550.0,394848823.0,395852137.0,395856035.0,396165102.0,396408257.0,396422706.0,396683442.0,397267514.0,
865,익산시,합계,면적[㎡],㎡,507070746.0,507055804.0,506939870.0,506788390.0,506651494.0,506627462.0,506616666.0,506611361.0,506608270.0,506528766.0,506544142.0,506534749.0,506542147.0,506541234.0,506537047.0,506553044.0,
870,정읍시,합계,면적[㎡],㎡,692970794.0,692931522.0,692866227.0,692645022.0,692650294.0,692657109.0,692806286.0,692777136.0,692773840.0,692781404.0,692844199.0,692864001.0,692913391.0,692964295.0,693039121.0,693070130.0,
875,남원시,합계,면적[㎡],㎡,752732740.0,753000213.0,752616977.0,752597520.0,752628299.0,752689302.0,752401802.0,752413776.0,752232053.0,752198046.0,752199661.0,752205854.0,752231829.0,752212996.0,752191724.0,752205541.0,
880,김제시,합계,면적[㎡],㎡,545058676.0,545023733.0,544991908.0,545061338.0,544904279.0,544897136.0,544885035.0,544885498.0,544810169.0,544807780.0,544754026.0,545870172.0,545851800.0,545842791.0,545864268.0,545871151.0,
885,완주군,합계,면적[㎡],㎡,820980452.0,821041793.0,820944513.0,820146375.0,820147334.0,820560426.0,820667476.0,820767231.0,821188628.0,820989543.0,820969404.0,820984475.0,821081051.0,821040451.0,821055309.0,821113201.0,
890,진안군,합계,면적[㎡],㎡,789121099.0,789087522.0,789200855.0,789050301.0,789136783.0,789155686.0,789125144.0,789146384.0,789119926.0,789140309.0,789175441.0,789094749.0,789096018.0,789094250.0,789091740.0,789040428.0,
895,무주군,합계,면적[㎡],㎡,631741780.0,631725065.0,631905504.0,631899505.0,631886914.0,631871543.0,631845725.0,631897669.0,631866978.0,631863204.0,631846586.0,631848158.0,631838289.0,631762403.0,631755526.0,631780985.0,
900,장수군,합계,면적[㎡],㎡,533531059.0,533466231.0,533454833.0,533445073.0,533434965.0,533511364.0,533289293.0,533254430.0,533287565.0,533282036.0,533266486.0,533264337.0,533273137.0,533264291.0,533202165.0,533165494.0,
905,임실군,합계,면적[㎡],㎡,597060476.0,597051954.0,597040751.0,597031280.0,597148301.0,597208426.0,597217042.0,597214936.0,597201991.0,597319859.0,597340032.0,597336613.0,597367624.0,597287448.0,597222769.0,597223326.0,
910,순창군,합계,면적[㎡],㎡,495746843.0,495756229.0,495752619.0,495767370.0,495764999.0,495863691.0,495888970.0,495916443.0,495931567.0,495959155.0,495967249.0,495971740.0,495936567.0,495872597.0,495794067.0,495829505.0,
915,고창군,합계,면적[㎡],㎡,606835105.0,606829761.0,607674423.0,607686947.0,607714440.0,607736816.0,607739106.0,607746816.0,607872584.0,607854811.0,607853265.0,607852052.0,607738005.0,607448733.0,607484716.0,607492714.0,
920,부안군,합계,면적[㎡],㎡,493311242.0,493352840.0,493293371.0,493051129.0,493036052.0,493025460.0,493056305.0,493082034.0,493074401.0,493102813.0,492662375.0,493530177.0,493210923.0,493234732.0,493176247.0,493179330.0,
925,전라남도,합계,면적[㎡],㎡,12073464796.0,12095058442.0,12121442257.0,12213748650.0,12232670772.0,12246822647.0,12256590572.0,12269977484.0,12303917305.0,12309031868.0,12312917414.0,12318794317.0,12335125149.0,12343575975.0,12345209476.0,12348092694.0,
930,목포시,합계,면적[㎡],㎡,47923249.0,47946782.0,49341033.0,49926948.0,50027216.0,50083728.0,50123119.0,50204462.0,50595165.0,50654254.0,51579088.0,51642751.0,51635536.0,51632536.0,51620811.0,51621497.0,
935,여수시,합계,면적[㎡],㎡,499285571.0,501300816.0,501216617.0,501985682.0,502267169.0,502803279.0,503328294.0,503831583.0,504308958.0,508836883.0,508879999.0,510089767.0,510544178.0,510635690.0,512084272.0,512246833.0,
940,순천시,합계,면적[㎡],㎡,907432855.0,907444533.0,907460934.0,907449184.0,907413664.0,907097067.0,907446738.0,910273176.0,910430484.0,910402928.0,910401530.0,910981884.0,910978216.0,910947390.0,911055038.0,911032636.0,
945,나주시,합계,면적[㎡],㎡,604073078.0,604051913.0,604045210.0,608148297.0,608653221.0,608622753.0,608586944.0,608609688.0,608543338.0,608327428.0,608356913.0,608403906.0,608400380.0,608427763.0,608403003.0,608371969.0,
950,광양시,합계,면적[㎡],㎡,449286251.0,450059605.0,451670636.0,453338316.0,453843076.0,456348963.0,456343674.0,458893278.0,460061176.0,460114742.0,462250652.0,463135736.0,463116197.0,463081076.0,463087471.0,464126137.0,
955,담양군,합계,면적[㎡],㎡,455127906.0,455120762.0,455002085.0,455002257.0,455000743.0,454952135.0,454964638.0,455050754.0,455051410.0,455046760.0,455030149.0,455086445.0,455096496.0,455092183.0,455091603.0,455087435.0,
960,곡성군,합계,면적[㎡],㎡,547435657.0,547433340.0,547446862.0,547441193.0,547424732.0,547430822.0,547439726.0,547438704.0,547456122.0,547457674.0,547456208.0,547470824.0,547478384.0,547460999.0,547467005.0,547501342.0,
965,구례군,합계,면적[㎡],㎡,443191615.0,443184556.0,443197117.0,443197985.0,443190197.0,443242076.0,443237981.0,443235444.0,443235540.0,443234634.0,443236000.0,443247136.0,443260500.0,443250624.0,443243407.0,442930121.0,
970,고흥군,합계,면적[㎡],㎡,776074082.0,776094859.0,776322495.0,776334145.0,776302325.0,776356471.0,776396476.0,776467862.0,807330712.0,807335442.0,807328357.0,807352468.0,807348327.0,807351945.0,807372281.0,807325104.0,
975,보성군,합계,면적[㎡],㎡,663305329.0,663299820.0,663287673.0,663593993.0,663487990.0,663471557.0,663461014.0,663521216.0,663529257.0,663541618.0,663770334.0,663775388.0,663903340.0,664036147.0,664012341.0,664060905.0,
980,화순군,합계,면적[㎡],㎡,786694035.0,786732678.0,786673502.0,786632807.0,786748239.0,786840717.0,786835946.0,786858281.0,786867923.0,786853871.0,786857084.0,786901643.0,786909881.0,787008254.0,787011713.0,787047900.0,
985,장흥군,합계,면적[㎡],㎡,618203616.0,618239500.0,618191711.0,618193160.0,618184818.0,618182226.0,622371745.0,622403882.0,622406512.0,622406490.0,622474652.0,622466303.0,622322408.0,622350743.0,622342074.0,622347188.0,
990,강진군,합계,면적[㎡],㎡,500155731.0,500157105.0,500260971.0,500259589.0,500280347.0,500279583.0,500468747.0,500492636.0,500956173.0,500935206.0,500944798.0,500947768.0,500917924.0,500910569.0,500909508.0,500904331.0,
995,해남군,합계,면적[㎡],㎡,907236400.0,907184757.0,917209913.0,987643084.0,995744547.0,1005800334.0,1005765046.0,1012867179.0,1013083490.0,1013144915.0,1013263920.0,1015428536.0,1031368962.0,1031329687.0,1031306018.0,1032962022.0,
1000,영암군,합계,면적[㎡],㎡,565886016.0,584831507.0,587131986.0,591279519.0,601592590.0,601594724.0,603493101.0,603492786.0,603486276.0,603477822.0,603462872.0,604237407.0,604171129.0,612552325.0,612561438.0,612486842.0,
1005,무안군,합계,면적[㎡],㎡,436264359.0,436236127.0,447297113.0,447798862.0,447891342.0,447882644.0,448954216.0,448929575.0,448942680.0,449757964.0,449739333.0,449742063.0,449730899.0,449713139.0,449711044.0,450367950.0,
1010,함평군,합계,면적[㎡],㎡,392725539.0,392717909.0,392756995.0,392745382.0,392420967.0,392436078.0,392353410.0,392265357.0,392256710.0,392125599.0,392132055.0,392104602.0,392105946.0,392116246.0,392103012.0,392105984.0,
1015,영광군,합계,면적[㎡],㎡,474013339.0,473723841.0,473645702.0,473527327.0,473696326.0,473545358.0,475036628.0,475061405.0,474951634.0,474906834.0,474965444.0,475005619.0,474960398.0,474944847.0,474963093.0,474897028.0,
1020,장성군,합계,면적[㎡],㎡,518564410.0,518558594.0,518555809.0,519376937.0,518528403.0,518527868.0,518516951.0,518458518.0,518331715.0,518301835.0,518434823.0,518440202.0,518398910.0,518402401.0,518401901.0,518276082.0,
1025,완도군,합계,면적[㎡],㎡,395332564.0,395378516.0,395339198.0,395542548.0,395486238.0,396157136.0,396128728.0,396238294.0,396288027.0,396361871.0,396412726.0,396435244.0,396444766.0,396607800.0,396761181.0,396725539.0,
1030,진도군,합계,면적[㎡],㎡,430842556.0,430859828.0,430726021.0,439586235.0,439649722.0,439901293.0,439895249.0,439903174.0,440130483.0,440128982.0,440127291.0,440119112.0,440115630.0,440111574.0,440100025.0,440097370.0,
1035,신안군,합계,면적[㎡],㎡,654410638.0,654501094.0,654662674.0,654745200.0,654836900.0,655265835.0,655442201.0,655480230.0,655673520.0,655678116.0,655813186.0,655779513.0,655916742.0,655612037.0,655601237.0,655570479.0,
1040,경상북도,합계,면적[㎡],㎡,19025962249.0,19026063894.0,19025713999.0,19027681521.0,19029150253.0,19028024866.0,19029617611.0,19028814897.0,19028979125.0,19029300957.0,19030737826.0,19031416974.0,19032539806.0,19032867581.0,19033343126.0,19034029515.0,
1045,포항시,합계,면적[㎡],㎡,1127743281.0,1127876795.0,1127885933.0,1128075249.0,1128780797.0,1128805483.0,1129403298.0,1129559133.0,1129835580.0,1129866989.0,1129960563.0,1130005838.0,1130011122.0,1130049471.0,1130077695.0,1130467272.0,
1050,경주시,합계,면적[㎡],㎡,1324082553.0,1324026742.0,1324357498.0,1324394940.0,1324434268.0,1324397206.0,1324412772.0,1324530623.0,1324513896.0,1324767310.0,1324890228.0,1324887910.0,1324938359.0,1324842529.0,1324857727.0,1324857933.0,
1055,김천시,합계,면적[㎡],㎡,1009187123.0,1009129703.0,1009090489.0,1008994754.0,1008819338.0,1009212232.0,1009153830.0,1009151333.0,1009090346.0,1009068602.0,1009227866.0,1009243878.0,1009827381.0,1009763792.0,1009801474.0,1009796914.0,
1060,안동시,합계,면적[㎡],㎡,1520912799.0,1520904524.0,1520966117.0,1521097834.0,1521256347.0,1521615766.0,1521824037.0,1521870533.0,1521908755.0,1521923916.0,1521938215.0,1521942895.0,1521984291.0,1522102024.0,1522098729.0,1522090140.0,
1065,구미시,합계,면적[㎡],㎡,616096577.0,616032870.0,616070034.0,615494210.0,615528876.0,615546372.0,615527864.0,615420967.0,615389462.0,615369019.0,615382167.0,615176509.0,615293655.0,615302284.0,615346702.0,615323347.0,
1070,영주시,합계,면적[㎡],㎡,668861745.0,668882230.0,668939252.0,668834762.0,669053604.0,668992217.0,669046352.0,669043861.0,669092895.0,669271295.0,669393987.0,669431111.0,669902030.0,670023593.0,670089068.0,670104668.0,
1075,영천시,합계,면적[㎡],㎡,920408153.0,920444798.0,920397080.0,920377846.0,920343395.0,920591847.0,920376164.0,919288348.0,919385796.0,919353113.0,919314915.0,919303470.0,919217115.0,919209671.0,919205140.0,919192576.0,
1080,상주시,합계,면적[㎡],㎡,1254848037.0,1254842514.0,1254798200.0,1254830703.0,1254832501.0,1254856704.0,1254820267.0,1254781267.0,1254791629.0,1254805813.0,1254800478.0,1254799795.0,1254658272.0,1254677915.0,1254640829.0,1254607583.0,
1085,문경시,합계,면적[㎡],㎡,911730023.0,911732586.0,911169271.0,911168185.0,911183440.0,911628327.0,911613793.0,911617536.0,911623054.0,911625220.0,911707991.0,911609632.0,911833371.0,911858348.0,911902545.0,911937035.0,
1090,경산시,합계,면적[㎡],㎡,411815238.0,411791170.0,411742471.0,411703895.0,411703839.0,411724841.0,411766484.0,411781995.0,411700131.0,411701573.0,411730643.0,411735076.0,411770700.0,411761560.0,411756867.0,411774298.0,
1095,군위군,합계,면적[㎡],㎡,614159479.0,614179844.0,614180414.0,614193442.0,614187043.0,614249303.0,614267487.0,614240939.0,614210812.0,614212872.0,614227463.0,614272012.0,614281574.0,614256199.0,614324743.0,614344851.0,
1100,의성군,합계,면적[㎡],㎡,1175808990.0,1175793503.0,1175746905.0,1175783600.0,1175815015.0,1175825522.0,1175843218.0,1175297278.0,1175168741.0,1174961224.0,1175134801.0,1175139720.0,1175117290.0,1174691362.0,1174734216.0,1174721358.0,
1105,청송군,합계,면적[㎡],㎡,842477967.0,842647809.0,842684940.0,844833783.0,844842719.0,844934532.0,845715212.0,846061090.0,846081075.0,846047736.0,846051425.0,846059777.0,846059316.0,846102081.0,846120639.0,846169294.0,
1110,영양군,합계,면적[㎡],㎡,815083182.0,815085435.0,815075942.0,815098968.0,815100854.0,815139022.0,815144656.0,815148716.0,815171699.0,815247701.0,815248215.0,815634205.0,815643402.0,815753825.0,815749347.0,815770397.0,
1115,영덕군,합계,면적[㎡],㎡,741133153.0,741129341.0,741125015.0,741126546.0,741117297.0,741121373.0,741119827.0,741119517.0,741098651.0,741097830.0,741109838.0,741139807.0,741228687.0,741207986.0,741220163.0,741252055.0,
1120,청도군,합계,면적[㎡],㎡,696939091.0,696932994.0,696885418.0,696892386.0,696898841.0,693862608.0,693888373.0,693906925.0,693782463.0,693799297.0,693838583.0,693786666.0,693721355.0,693838384.0,693810304.0,693809491.0,
1125,고령군,합계,면적[㎡],㎡,384050159.0,384048345.0,384055082.0,384072212.0,384087060.0,384113580.0,384110753.0,384099096.0,384104064.0,384100894.0,384093147.0,384095825.0,384057327.0,384049955.0,384059802.0,384057142.0,
1130,성주군,합계,면적[㎡],㎡,616173153.0,616158460.0,616065597.0,616031720.0,616146591.0,616144937.0,616139890.0,616130040.0,616137566.0,616130426.0,616117654.0,616129049.0,616081537.0,616101498.0,616106444.0,616102101.0,
1135,칠곡군,합계,면적[㎡],㎡,450914721.0,450864084.0,450862530.0,450859443.0,450963737.0,450904583.0,450926892.0,450945676.0,450974539.0,450953328.0,450925792.0,450933600.0,450929619.0,450929087.0,450937034.0,450936280.0,
1140,예천군,합계,면적[㎡],㎡,660764700.0,660775354.0,660797229.0,660837808.0,660864848.0,660926699.0,661074868.0,661129457.0,661161877.0,661217349.0,661379079.0,661384552.0,661417314.0,661455123.0,661483887.0,661500855.0,
1145,봉화군,합계,면적[㎡],㎡,1200981175.0,1200979688.0,1201027115.0,1201033406.0,1201199891.0,1201355540.0,1201456432.0,1201459849.0,1201465025.0,1201476924.0,1201955361.0,1202260495.0,1201790539.0,1201964714.0,1202034344.0,1202103109.0,
1150,울진군,합계,면적[㎡],㎡,988974415.0,988979665.0,988972350.0,989048469.0,989097523.0,989218938.0,989124512.0,989367889.0,989428857.0,989441397.0,989442066.0,989571057.0,989897713.0,990016109.0,990043224.0,990169283.0,
1155,울릉군,합계,면적[㎡],㎡,72816535.0,72825440.0,72819117.0,72897360.0,72892429.0,72857234.0,72860630.0,72862829.0,72862212.0,72861129.0,72867349.0,72874095.0,72877837.0,72910071.0,72942203.0,72941533.0,
1160,경상남도,합계,면적[㎡],㎡,10520822480.0,10521559835.0,10524396879.0,10530986216.0,10532091007.0,10532725672.0,10533624555.0,10534944660.0,10537317016.0,10537968796.0,10538841145.0,10539564384.0,10539769824.0,10540116576.0,10540373561.0,10540553233.0,
1165,창원시,합계,면적[㎡],㎡,292654722.0,292701885.0,292718464.0,292721621.0,292744566.0,744257745.0,745157972.0,745319611.0,747117789.0,747274551.0,747670947.0,747673362.0,747818731.0,747920538.0,748032641.0,748063137.0,
1170,마산시,합계,면적[㎡],㎡,329897120.0,329931395.0,330438725.0,330578485.0,330797148.0,,,,,,,,,,,,
1175,진주시,합계,면적[㎡],㎡,712856464.0,712864794.0,712857863.0,712843570.0,712838019.0,712821774.0,712948396.0,712944997.0,712953760.0,712957827.0,712960752.0,712957223.0,712944069.0,712858201.0,712860198.0,712833191.0,
1180,진해시,합계,면적[㎡],㎡,113124154.0,113597565.0,113903990.0,120189156.0,120217008.0,,,,,,,,,,,,
1185,통영시,합계,면적[㎡],㎡,237980437.0,238058547.0,238690731.0,238771822.0,238807702.0,238845095.0,239165894.0,239222251.0,239220965.0,239539073.0,239764381.0,239815884.0,239859565.0,239847278.0,239860468.0,239879352.0,
1190,사천시,합계,면적[㎡],㎡,396933994.0,396981467.0,398208628.0,398236518.0,398267247.0,398254815.0,398602041.0,398620876.0,398585668.0,398604153.0,398624806.0,398642007.0,398649589.0,398672994.0,398675093.0,398698356.0,
1195,김해시,합계,면적[㎡],㎡,463359125.0,463323825.0,463326655.0,463275785.0,463276182.0,463252301.0,462814312.0,462809580.0,463360913.0,463360652.0,463355165.0,463356437.0,463364980.0,463430954.0,463447827.0,463444884.0,
1200,밀양시,합계,면적[㎡],㎡,798517370.0,798554865.0,798582418.0,798593747.0,798643387.0,798572622.0,798593970.0,798571035.0,798588501.0,798602530.0,798641484.0,798637816.0,798636034.0,798634878.0,798671224.0,798645313.0,
1205,거제시,합계,면적[㎡],㎡,401447893.0,401532502.0,401590245.0,401656292.0,401602257.0,401625424.0,402008122.0,402033858.0,402055239.0,402160749.0,402304141.0,402642502.0,402745412.0,402986562.0,403228579.0,403816654.0,
1210,양산시,합계,면적[㎡],㎡,484041999.0,484406966.0,484435712.0,484550229.0,485162405.0,485221716.0,485191741.0,485349512.0,485348766.0,485444834.0,485434677.0,485446929.0,485411853.0,485563946.0,485604354.0,485625161.0,
1215,의령군,합계,면적[㎡],㎡,482903993.0,482902713.0,482913377.0,482900620.0,482909115.0,482910339.0,482907724.0,482908180.0,482904143.0,482868981.0,482868831.0,482866210.0,482860619.0,482892343.0,482910830.0,482903286.0,
1220,함안군,합계,면적[㎡],㎡,416809915.0,416804524.0,416805253.0,416806670.0,416799654.0,416871065.0,416868714.0,416874176.0,416644156.0,416639863.0,416601170.0,416598222.0,416597155.0,416606441.0,416602010.0,416603161.0,
1225,창녕군,합계,면적[㎡],㎡,532885154.0,532839209.0,532817392.0,532724141.0,532755371.0,532818679.0,532802166.0,532802116.0,532816066.0,532873296.0,532872288.0,532857257.0,532860749.0,532840650.0,532830708.0,532738915.0,
1230,고성군,합계,면적[㎡],㎡,516967944.0,517055157.0,517095466.0,517140613.0,517282427.0,517282931.0,517273126.0,517712333.0,517687535.0,517685135.0,517710141.0,517937467.0,517929662.0,517932587.0,517957151.0,517946367.0,
1235,남해군,합계,면적[㎡],㎡,357618488.0,357637921.0,357659547.0,357619652.0,357577666.0,357560276.0,357555214.0,357551313.0,357539434.0,357524513.0,357525372.0,357567159.0,357554592.0,357534274.0,357545659.0,357544629.0,
1240,하동군,합계,면적[㎡],㎡,675573262.0,675367178.0,675284473.0,675269410.0,675253019.0,675226560.0,675233626.0,675239158.0,675516404.0,675520879.0,675583496.0,675618839.0,675622348.0,675614293.0,675236982.0,675248451.0,
1245,산청군,합계,면적[㎡],㎡,794605818.0,794578517.0,794597778.0,794691029.0,794696631.0,794737797.0,794830712.0,794822557.0,794839019.0,794828246.0,794831927.0,794823166.0,794811904.0,794551403.0,794604515.0,794635249.0,
1250,함양군,합계,면적[㎡],㎡,725057398.0,724957922.0,724959799.0,724884697.0,724874694.0,724884266.0,724969343.0,725467750.0,725466116.0,725449827.0,725470868.0,725484452.0,725434401.0,725453334.0,725485214.0,725504540.0,
1255,거창군,합계,면적[㎡],㎡,804196026.0,804075253.0,804090015.0,804058626.0,804067847.0,804058532.0,803176446.0,803171054.0,803165454.0,803134391.0,803139982.0,803175456.0,803200594.0,803301603.0,803312949.0,803382849.0,
1260,합천군,합계,면적[㎡],㎡,983391204.0,983387630.0,983420348.0,983473533.0,983518662.0,983523735.0,983525036.0,983524303.0,983507088.0,983499296.0,983480717.0,983463996.0,983467567.0,983474297.0,983507159.0,983039738.0,
1265,제주특별자치도,합계,면적[㎡],㎡,1848267607.0,1848435917.0,1848430838.0,1848503702.0,1848728339.0,1848848980.0,1849179961.0,1849295824.0,1849262776.0,1849045509.0,1849134047.0,1849148846.0,1850159945.0,1850159471.0,1850227390.0,1850211287.0,
1270,제주시,합계,면적[㎡],㎡,255456312.0,977758412.0,977773258.0,977771365.0,977935738.0,977979704.0,978248646.0,978332913.0,978331691.0,978315721.0,978404822.0,978426995.0,978685742.0,978694846.0,978668959.0,978669420.0,
1275,서귀포시,합계,면적[㎡],㎡,254902897.0,870677505.0,870657580.0,870732337.0,870792601.0,870869276.0,870931315.0,870962911.0,870931085.0,870729788.0,870729225.0,870721851.0,871474203.0,871464625.0,871558431.0,871541867.0,
1280,북제주군,합계,면적[㎡],㎡,722410690.0,,,,,,,,,,,,,,,,
1285,남제주군,합계,면적[㎡],㎡,615497708.0,,,,,,,,,,,,,,,,
